gender,SeniorCitizen,Partner,Dependents,tenure,PhoneService,MultipleLines,InternetService,OnlineSecurity,OnlineBackup,DeviceProtection,TechSupport,StreamingTV,StreamingMovies,Contract,PaperlessBilling,PaymentMethod,MonthlyCharges,TotalCharges
Male,1,No,No,34,No,No,DSL,No internet service,No,Yes,No,No,Yes,Month-to-month,No,Mailed check,40.17,1363.86
Female,1,No,Yes,52,No,No,No,Yes,No internet service,Yes,No internet service,No,Yes,One year,Yes,Bank transfer (automatic),96.03,4984.98
Female,1,Yes,No,56,Yes,No phone service,No,Yes,No internet service,No internet service,Yes,Yes,Yes,One year,Yes,Mailed check,43.68,2436.55
Male,0,Yes,Yes,18,Yes,Yes,Fiber optic,No internet service,No internet service,No internet service,Yes,No internet service,No,Two year,Yes,Bank transfer (automatic),93.88,1695.22
Female,1,Yes,Yes,58,Yes,Yes,No,No internet service,No,No,No internet service,No internet service,Yes,One year,Yes,Mailed check,18.76,1081.93
Female,0,Yes,No,49,Yes,Yes,DSL,Yes,No internet service,Yes,Yes,Yes,No internet service,Month-to-month,No,Credit card (automatic),20.39,996.85
Female,0,Yes,Yes,45,No,No phone service,Fiber optic,No,No,No internet service,No internet service,No,No internet service,Two year,No,Mailed check,85.6,3848.12
Female,1,No,No,59,Yes,No,No,Yes,Yes,No internet service,Yes,No internet service,No internet service,Two year,No,Mailed check,70.74,4176.31
Female,1,No,No,44,Yes,Yes,Fiber optic,Yes,No internet service,No internet service,No internet service,No internet service,Yes,Two year,Yes,Electronic check,59.86,2636.09
Male,1,No,No,5,Yes,Yes,No,No,No internet service,Yes,No internet service,No internet service,No,Month-to-month,Yes,Electronic check,108.38,541.41
Female,1,Yes,Yes,8,Yes,No,No,No internet service,No,No,Yes,No,No internet service,Two year,No,Mailed check,38.29,307.95
Female,1,Yes,No,29,No,No,DSL,No internet service,Yes,Yes,No,Yes,Yes,One year,Yes,Mailed check,77.99,2257.01
Female,0,No,No,47,No,No,Fiber optic,Yes,No,No,No internet service,No internet service,No,Month-to-month,Yes,Mailed check,49.17,2301.0
Female,0,Yes,Yes,56,Yes,No,DSL,No,No internet service,No,Yes,No,No internet service,One year,Yes,Credit card (automatic),56.76,3172.04
Male,0,Yes,No,26,No,Yes,DSL,No,Yes,No internet service,No internet service,No,No,Month-to-month,No,Mailed check,102.9,2683.69
Male,0,Yes,No,27,No,Yes,No,Yes,Yes,No internet service,Yes,No internet service,Yes,Month-to-month,Yes,Mailed check,90.03,2421.42
Female,1,No,Yes,59,No,No,Fiber optic,No internet service,No internet service,No,Yes,Yes,No,Two year,Yes,Mailed check,28.23,1657.83
Male,1,Yes,Yes,5,No,Yes,DSL,No internet service,No,Yes,Yes,Yes,No internet service,Month-to-month,No,Credit card (automatic),43.42,213.82
Female,0,Yes,Yes,30,No,No,Fiber optic,No internet service,No,Yes,Yes,No,No internet service,Two year,Yes,Credit card (automatic),30.4,913.1
Female,0,Yes,No,30,No,Yes,Fiber optic,Yes,Yes,No internet service,No,No internet service,Yes,One year,No,Mailed check,46.92,1403.43
Female,0,Yes,Yes,39,No,No phone service,Fiber optic,No internet service,No internet service,Yes,No internet service,Yes,No internet service,One year,Yes,Mailed check,88.69,3456.8
Male,0,Yes,No,66,No,No,No,Yes,Yes,Yes,No internet service,No internet service,No,One year,Yes,Bank transfer (automatic),108.9,7179.24
Male,1,Yes,Yes,21,Yes,Yes,Fiber optic,No internet service,Yes,No,No internet service,No,No internet service,Month-to-month,No,Electronic check,45.05,943.53
Female,1,No,No,62,No,No,Fiber optic,No,No,Yes,No,Yes,No,Two year,Yes,Bank transfer (automatic),50.39,3119.95
Male,1,Yes,No,54,No,No,Fiber optic,No,No internet service,Yes,Yes,No,No,One year,No,Credit card (automatic),104.11,5616.96
Male,0,Yes,No,14,Yes,No phone service,DSL,No,No,Yes,Yes,No,No internet service,Two year,No,Mailed check,44.7,619.73
Male,1,No,Yes,28,No,No,DSL,No,No,Yes,No internet service,No internet service,No internet service,Month-to-month,Yes,Electronic check,35.14,987.23
Female,0,Yes,Yes,13,Yes,Yes,DSL,No,No internet service,Yes,No internet service,No internet service,No internet service,Two year,No,Mailed check,112.53,1466.42
Female,1,No,No,52,Yes,No,Fiber optic,No internet service,Yes,Yes,Yes,Yes,No internet service,Month-to-month,Yes,Electronic check,58.76,3057.51
Male,1,No,No,64,Yes,No phone service,Fiber optic,No internet service,No internet service,No internet service,No,No internet service,No,One year,No,Mailed check,37.01,2374.05
Female,0,No,No,5,Yes,No phone service,DSL,No,No internet service,No,Yes,No,No,Two year,No,Electronic check,85.36,420.59
Female,0,Yes,No,40,Yes,No phone service,DSL,No internet service,Yes,Yes,Yes,Yes,No,One year,Yes,Credit card (automatic),40.87,1643.07
Female,1,No,No,30,Yes,No phone service,No,No internet service,Yes,No,No,No,No,Month-to-month,No,Mailed check,21.93,660.32
Male,1,No,No,11,Yes,Yes,No,No,No,No internet service,No internet service,No internet service,No internet service,One year,No,Bank transfer (automatic),39.58,439.55
Male,0,No,Yes,40,No,No phone service,No,Yes,No internet service,No,No,Yes,Yes,Month-to-month,No,Credit card (automatic),55.67,2229.99
Male,0,No,No,56,Yes,No,Fiber optic,Yes,No,No,No,Yes,No internet service,Month-to-month,No,Bank transfer (automatic),37.5,2104.29
Female,1,No,Yes,7,Yes,No phone service,DSL,No,Yes,No,No internet service,Yes,No internet service,Two year,Yes,Bank transfer (automatic),83.4,574.01
Male,0,Yes,No,16,No,Yes,Fiber optic,Yes,No,No internet service,No internet service,No,No internet service,One year,No,Bank transfer (automatic),63.2,1020.53
Female,1,Yes,No,50,No,No phone service,Fiber optic,No internet service,Yes,No internet service,No internet service,Yes,No internet service,Month-to-month,No,Electronic check,66.05,3295.64
Female,1,No,Yes,68,No,Yes,Fiber optic,No internet service,Yes,No,Yes,Yes,No internet service,One year,No,Electronic check,87.63,5965.81
Male,1,Yes,No,51,Yes,Yes,DSL,Yes,Yes,Yes,No internet service,No,Yes,Month-to-month,Yes,Bank transfer (automatic),105.08,5358.2
Female,1,Yes,Yes,63,Yes,No phone service,No,No internet service,No,Yes,Yes,Yes,No,Month-to-month,Yes,Credit card (automatic),112.92,7120.08
Male,1,No,No,36,Yes,Yes,Fiber optic,No internet service,Yes,Yes,Yes,No internet service,Yes,Two year,Yes,Credit card (automatic),91.58,3288.66
Male,1,Yes,No,70,No,Yes,No,Yes,No,No internet service,No internet service,No internet service,Yes,Two year,Yes,Electronic check,115.39,8086.75
Female,1,Yes,Yes,25,No,No,Fiber optic,No,No internet service,Yes,No internet service,No,Yes,Two year,No,Bank transfer (automatic),110.74,2759.13
Male,1,Yes,Yes,68,Yes,No,No,No,No internet service,No,No internet service,No internet service,No internet service,Two year,Yes,Bank transfer (automatic),19.14,1305.4
Male,1,No,No,57,Yes,No,Fiber optic,No,No,No internet service,No,Yes,No,One year,No,Credit card (automatic),59.91,3408.74
Male,1,Yes,No,37,No,No phone service,DSL,No internet service,No internet service,No,Yes,No internet service,Yes,Month-to-month,No,Mailed check,73.81,2721.7
Male,0,No,No,39,No,No phone service,No,No internet service,Yes,No,No,Yes,Yes,Two year,Yes,Mailed check,49.13,1914.1
Male,1,Yes,Yes,44,No,No phone service,No,Yes,No,No internet service,Yes,No internet service,Yes,Two year,No,Electronic check,110.01,4838.04
Female,1,Yes,No,54,Yes,No,Fiber optic,Yes,No internet service,Yes,Yes,No,No internet service,One year,No,Electronic check,91.39,4932.0
Female,1,Yes,No,28,No,Yes,Fiber optic,No internet service,No,Yes,No internet service,Yes,Yes,Month-to-month,No,Credit card (automatic),28.69,795.85
Male,0,No,No,27,No,No,Fiber optic,No,No,Yes,No internet service,No,No,Two year,No,Bank transfer (automatic),34.96,948.48
Male,0,No,No,14,No,No,Fiber optic,Yes,No,No,No internet service,No,No,Month-to-month,Yes,Electronic check,19.41,273.72
Female,0,No,No,49,No,No,Fiber optic,No,No internet service,No internet service,Yes,No,No internet service,Two year,Yes,Bank transfer (automatic),19.24,932.87
Female,0,Yes,No,4,Yes,No,DSL,Yes,No,No,No internet service,No internet service,Yes,One year,No,Credit card (automatic),111.68,436.96
Female,1,Yes,Yes,16,Yes,No,DSL,Yes,No internet service,No internet service,No,Yes,Yes,Two year,Yes,Credit card (automatic),20.34,315.52
Female,0,No,No,30,Yes,No phone service,No,Yes,No,No internet service,No,Yes,No,Two year,Yes,Electronic check,102.8,3090.92
Female,1,Yes,Yes,15,Yes,No phone service,DSL,No,No internet service,No internet service,No,No internet service,No internet service,Month-to-month,Yes,Bank transfer (automatic),63.33,955.26
Female,1,No,Yes,8,No,No phone service,Fiber optic,No internet service,No internet service,No internet service,No,Yes,No,One year,No,Mailed check,53.33,417.62
Male,0,No,No,53,Yes,No phone service,DSL,Yes,No,Yes,No,Yes,Yes,Month-to-month,Yes,Credit card (automatic),29.84,1588.99
Female,0,Yes,Yes,16,Yes,No phone service,No,No,Yes,No,Yes,No internet service,No,One year,Yes,Credit card (automatic),77.43,1243.0
Male,0,Yes,No,10,Yes,No phone service,Fiber optic,No,Yes,No,No,No internet service,No,Month-to-month,No,Credit card (automatic),95.6,962.98
Female,0,Yes,No,59,No,Yes,No,No,Yes,Yes,No internet service,Yes,Yes,One year,No,Credit card (automatic),87.21,5144.98
Male,1,Yes,No,20,Yes,No phone service,DSL,No,Yes,No,No internet service,Yes,No,One year,Yes,Mailed check,105.1,2109.92
Female,1,Yes,No,53,Yes,No phone service,No,Yes,No,No,No,No internet service,No,Month-to-month,No,Mailed check,53.12,2813.8
Female,1,No,Yes,40,No,No,DSL,No,No internet service,No internet service,Yes,Yes,No internet service,Month-to-month,Yes,Bank transfer (automatic),80.84,3228.65
Male,1,No,No,29,No,No phone service,Fiber optic,No internet service,No,No,No,Yes,Yes,One year,No,Electronic check,76.86,2235.94
Male,0,No,Yes,34,No,No,No,No internet service,No,Yes,Yes,No,No,Two year,Yes,Electronic check,88.89,3026.07
Female,1,No,Yes,69,No,No,No,Yes,Yes,No,Yes,No,Yes,Two year,No,Mailed check,38.62,2655.2
Male,1,No,No,57,Yes,Yes,Fiber optic,No internet service,Yes,No,No internet service,No internet service,No,Two year,Yes,Credit card (automatic),111.4,6352.77
Male,0,Yes,Yes,64,Yes,No phone service,DSL,No,No,No internet service,No,Yes,Yes,One year,No,Mailed check,91.13,5824.09
Female,1,No,Yes,56,No,Yes,DSL,No internet service,Yes,No internet service,No internet service,No,No,Two year,Yes,Mailed check,103.46,5790.04
Female,0,No,No,13,No,Yes,No,Yes,Yes,No internet service,No,No internet service,Yes,Two year,Yes,Bank transfer (automatic),76.18,982.2
Female,1,No,Yes,4,Yes,Yes,DSL,Yes,No internet service,No internet service,Yes,No internet service,No,Two year,Yes,Credit card (automatic),61.1,250.79
Female,0,Yes,Yes,6,No,Yes,DSL,No,No internet service,Yes,No,No,No internet service,One year,Yes,Bank transfer (automatic),68.5,405.39
Female,1,Yes,No,57,No,Yes,DSL,No internet service,No,No,Yes,No internet service,Yes,Two year,Yes,Mailed check,82.72,4711.17
Male,1,Yes,No,1,Yes,Yes,No,Yes,No internet service,Yes,No,Yes,No internet service,One year,Yes,Bank transfer (automatic),109.85,111.09
Female,0,Yes,Yes,20,Yes,Yes,No,No,No internet service,No internet service,No internet service,Yes,Yes,One year,Yes,Electronic check,118.23,2361.54
Male,0,No,Yes,51,No,No,DSL,No,No,No internet service,No internet service,No internet service,No,Month-to-month,No,Mailed check,94.44,4810.14
Male,1,Yes,No,69,Yes,Yes,No,No internet service,No,No,No,No internet service,No internet service,Two year,Yes,Mailed check,65.89,4550.29
Female,0,Yes,No,54,No,No phone service,DSL,No internet service,No internet service,Yes,No,Yes,No internet service,One year,No,Mailed check,102.73,5540.05
Female,1,No,Yes,71,No,No phone service,Fiber optic,No internet service,No,No internet service,No internet service,Yes,Yes,One year,Yes,Bank transfer (automatic),25.81,1837.23
Female,1,No,Yes,41,No,Yes,No,No internet service,Yes,No internet service,No internet service,No internet service,No internet service,Month-to-month,No,Credit card (automatic),37.87,1556.82
Female,1,No,No,32,Yes,No phone service,Fiber optic,No,Yes,Yes,No internet service,Yes,Yes,One year,Yes,Bank transfer (automatic),110.35,3535.71
Male,1,No,No,61,Yes,Yes,Fiber optic,Yes,No,No,Yes,No internet service,No,Two year,Yes,Credit card (automatic),75.98,4640.44
Male,0,No,Yes,65,No,No phone service,DSL,No internet service,Yes,No internet service,No,No internet service,No,Two year,No,Credit card (automatic),37.41,2440.21
Female,1,No,No,55,Yes,No phone service,No,No,No internet service,No,No,No internet service,No internet service,Month-to-month,No,Electronic check,64.4,3533.62
Female,0,Yes,No,20,Yes,No phone service,DSL,No,No,No internet service,No,Yes,Yes,One year,No,Bank transfer (automatic),97.99,1963.55
Female,0,No,No,27,No,Yes,Fiber optic,No internet service,Yes,Yes,No internet service,No internet service,Yes,Two year,No,Bank transfer (automatic),60.07,1625.8
Male,0,No,No,69,No,No,Fiber optic,No,No,Yes,No,No internet service,Yes,Two year,Yes,Bank transfer (automatic),42.86,2962.03
Male,0,Yes,Yes,3,No,No,No,No,No,No internet service,No,Yes,No internet service,Two year,Yes,Bank transfer (automatic),40.69,116.88
Female,1,No,No,11,Yes,Yes,No,Yes,No internet service,No,No,No,No internet service,Month-to-month,Yes,Electronic check,69.42,769.55
Female,0,No,No,47,Yes,No phone service,DSL,No,Yes,Yes,No,No,No internet service,Month-to-month,Yes,Electronic check,45.57,2141.52
Female,1,No,Yes,7,No,Yes,DSL,Yes,No internet service,Yes,Yes,Yes,No internet service,Two year,Yes,Mailed check,62.89,433.8
Female,1,No,No,63,Yes,No phone service,DSL,No,No internet service,No internet service,Yes,No,No internet service,Two year,Yes,Credit card (automatic),49.28,3095.97
Female,1,Yes,No,45,No,No phone service,DSL,Yes,No,Yes,No internet service,No,No,One year,Yes,Credit card (automatic),39.37,1771.99
Male,0,Yes,No,49,Yes,No phone service,No,No internet service,Yes,Yes,Yes,No internet service,Yes,Two year,Yes,Mailed check,55.32,2702.41
Male,0,Yes,No,28,No,Yes,Fiber optic,Yes,Yes,No internet service,Yes,No internet service,Yes,Month-to-month,Yes,Bank transfer (automatic),98.12,2739.11
Male,0,Yes,No,21,No,Yes,No,No internet service,No,No internet service,No internet service,No,No,Month-to-month,Yes,Electronic check,67.69,1426.07
Male,0,No,No,68,Yes,No,Fiber optic,No internet service,No,No internet service,No internet service,Yes,No,One year,No,Mailed check,38.63,2627.57
Male,0,Yes,Yes,53,No,No phone service,Fiber optic,No,No,No,Yes,No internet service,Yes,One year,No,Bank transfer (automatic),69.87,3696.79
Female,1,No,No,53,Yes,No,Fiber optic,No internet service,No,Yes,Yes,Yes,No,One year,No,Electronic check,78.19,4135.88
Male,0,No,Yes,38,Yes,No phone service,No,Yes,No,No,No,No,Yes,Month-to-month,Yes,Mailed check,88.92,3378.55
Male,0,Yes,No,57,No,Yes,No,No,No,No internet service,Yes,No internet service,No internet service,One year,No,Electronic check,101.54,5780.65
Female,0,Yes,Yes,17,Yes,No phone service,Fiber optic,No,No,No,No internet service,No internet service,Yes,Two year,No,Bank transfer (automatic),50.84,862.69
Male,0,No,No,72,No,No phone service,Fiber optic,No internet service,Yes,No internet service,Yes,Yes,No,One year,Yes,Mailed check,64.44,4638.03
Male,1,No,Yes,63,Yes,No phone service,No,Yes,No,No,No internet service,Yes,No,Two year,Yes,Credit card (automatic),27.99,1758.29
Female,0,Yes,Yes,2,Yes,No,No,No,No,No internet service,No,No,No internet service,One year,Yes,Credit card (automatic),115.15,227.92
Male,0,Yes,Yes,20,Yes,Yes,No,Yes,No internet service,Yes,No,No,Yes,Month-to-month,No,Mailed check,39.41,780.59
Female,0,Yes,No,24,No,No phone service,Fiber optic,No internet service,Yes,Yes,No,No internet service,No internet service,Two year,Yes,Credit card (automatic),25.02,606.38
Female,1,No,Yes,1,Yes,No phone service,No,No,No internet service,No,Yes,No internet service,No internet service,Month-to-month,No,Electronic check,39.36,36.25
Female,0,No,No,28,Yes,No,No,Yes,No,No internet service,No,No,No internet service,Month-to-month,Yes,Electronic check,80.09,2249.22
Female,0,No,No,0,Yes,Yes,No,No,No,No,No,Yes,No internet service,Month-to-month,No,Electronic check,74.47, 
Female,1,Yes,Yes,66,No,Yes,Fiber optic,No internet service,No,No,No,No,No internet service,One year,No,Credit card (automatic),40.18,2646.22
Female,1,Yes,Yes,51,No,Yes,Fiber optic,No internet service,No,Yes,No,No internet service,No internet service,Month-to-month,Yes,Bank transfer (automatic),63.24,3229.5
Female,1,No,Yes,1,Yes,No,DSL,No internet service,Yes,No internet service,No,No,No internet service,One year,No,Electronic check,44.95,36.92
Male,1,Yes,No,4,No,No phone service,DSL,No,No,No internet service,No internet service,No internet service,No,Two year,Yes,Bank transfer (automatic),33.78,134.22
Male,0,Yes,Yes,51,Yes,No phone service,No,Yes,No,No,No,No,No internet service,One year,Yes,Credit card (automatic),66.9,3421.32
Female,0,No,Yes,71,Yes,No,DSL,No,Yes,Yes,No,No,No,Two year,No,Credit card (automatic),94.31,6697.11
Female,1,Yes,Yes,30,No,No phone service,No,No,No internet service,No internet service,Yes,No,No internet service,Month-to-month,No,Electronic check,59.03,1764.86
Female,0,No,Yes,5,No,No,Fiber optic,No,Yes,Yes,No internet service,No,No internet service,Month-to-month,No,Bank transfer (automatic),67.35,344.36
Male,1,Yes,No,52,Yes,No phone service,Fiber optic,No,No,Yes,Yes,No,Yes,Two year,Yes,Bank transfer (automatic),70.06,3635.5
Male,0,Yes,Yes,50,No,Yes,DSL,No,Yes,No internet service,No,No internet service,No,Month-to-month,Yes,Electronic check,45.84,2290.23
Male,1,Yes,No,31,Yes,No phone service,No,No,Yes,Yes,No,No,No,Two year,Yes,Bank transfer (automatic),29.77,919.26
Female,1,No,No,33,No,No,DSL,Yes,Yes,No internet service,No,No internet service,No,Two year,Yes,Bank transfer (automatic),50.24,1654.47
Female,0,No,Yes,44,Yes,No phone service,Fiber optic,No,No internet service,No internet service,No,No,No internet service,Month-to-month,No,Electronic check,82.3,3625.8
Female,0,No,Yes,13,Yes,Yes,DSL,No internet service,No internet service,Yes,No internet service,No internet service,No internet service,One year,Yes,Mailed check,22.03,277.58
Female,1,No,Yes,5,No,No,No,No,Yes,No internet service,No,Yes,Yes,One year,No,Credit card (automatic),107.48,528.75
Female,1,Yes,No,8,No,No,Fiber optic,Yes,No internet service,No internet service,No,Yes,Yes,Month-to-month,No,Mailed check,114.59,920.05
Male,0,Yes,Yes,51,Yes,No,DSL,No internet service,No internet service,Yes,No,No,Yes,Two year,Yes,Electronic check,69.85,3561.96
Female,1,Yes,Yes,1,Yes,No phone service,DSL,No internet service,Yes,No internet service,Yes,Yes,No,One year,No,Credit card (automatic),77.1,81.24
Female,0,Yes,Yes,72,No,No phone service,No,No internet service,No,No internet service,No,No,Yes,Month-to-month,Yes,Credit card (automatic),35.75,2576.35
Female,0,No,Yes,39,Yes,No phone service,Fiber optic,No,Yes,No,No internet service,No,No internet service,Month-to-month,Yes,Mailed check,45.54,1772.23
Male,1,No,Yes,11,Yes,No,No,Yes,No internet service,No internet service,No internet service,Yes,Yes,Month-to-month,Yes,Mailed check,22.34,243.85
Male,0,Yes,No,20,Yes,No,Fiber optic,No,Yes,No,Yes,No internet service,No,Two year,Yes,Bank transfer (automatic),49.84,999.53
Male,0,Yes,Yes,65,Yes,Yes,No,No internet service,No,No,No,Yes,No internet service,Two year,Yes,Bank transfer (automatic),66.96,4355.49
Male,1,No,No,22,Yes,Yes,Fiber optic,No internet service,No internet service,No internet service,Yes,No,No internet service,Two year,Yes,Electronic check,59.75,1317.89
Male,1,Yes,No,20,Yes,No,Fiber optic,No,No internet service,Yes,No,No internet service,No,Month-to-month,No,Bank transfer (automatic),58.25,1156.51
Female,0,Yes,No,35,No,Yes,No,No internet service,Yes,No internet service,No internet service,No,Yes,One year,No,Mailed check,90.0,3143.7
Male,1,No,Yes,42,No,No phone service,Fiber optic,No,No,Yes,No,No internet service,Yes,Two year,No,Bank transfer (automatic),110.53,4635.77
Female,1,Yes,No,31,Yes,No,No,No internet service,Yes,No,No internet service,No,No,Month-to-month,Yes,Mailed check,71.14,2204.17
Female,1,No,Yes,11,Yes,No phone service,Fiber optic,No internet service,No internet service,No,No internet service,No,No internet service,One year,Yes,Mailed check,47.13,514.77
Male,1,Yes,Yes,65,Yes,No phone service,Fiber optic,Yes,No,No internet service,No,No,Yes,Month-to-month,No,Bank transfer (automatic),110.39,7179.85
Male,0,No,No,64,No,No,Fiber optic,No,Yes,Yes,No,No internet service,No internet service,One year,Yes,Mailed check,39.09,2495.81
Male,1,No,No,39,Yes,Yes,DSL,No,Yes,No,No,Yes,No internet service,Two year,No,Credit card (automatic),38.77,1503.46
Female,0,Yes,Yes,10,Yes,No phone service,No,No internet service,No,No internet service,No,Yes,No internet service,Month-to-month,No,Mailed check,103.91,1040.33
Female,1,Yes,Yes,12,Yes,No phone service,DSL,No internet service,Yes,No,Yes,No,No internet service,One year,No,Mailed check,78.92,937.19
Female,0,Yes,Yes,0,No,No phone service,DSL,No,Yes,No internet service,No,No internet service,No internet service,One year,Yes,Mailed check,25.42, 
Male,1,No,No,11,No,Yes,No,Yes,No internet service,No,Yes,No internet service,No internet service,Two year,Yes,Credit card (automatic),48.1,532.41
Male,0,No,Yes,16,Yes,No,No,No internet service,Yes,No,No,Yes,No,One year,No,Bank transfer (automatic),93.3,1493.55
Male,0,No,No,49,Yes,No phone service,No,Yes,Yes,No internet service,No internet service,No internet service,Yes,Month-to-month,Yes,Electronic check,48.49,2370.39
Female,1,Yes,No,58,Yes,No,Fiber optic,No internet service,No,Yes,No internet service,No,No,One year,No,Bank transfer (automatic),95.45,5526.41
Male,0,Yes,Yes,16,Yes,No phone service,DSL,No,No internet service,Yes,No,No,No,Two year,Yes,Credit card (automatic),53.57,848.63
Male,0,No,Yes,20,No,No phone service,DSL,Yes,Yes,Yes,No,Yes,Yes,Two year,No,Electronic check,60.73,1222.34
Male,0,Yes,Yes,49,Yes,Yes,No,Yes,No internet service,No internet service,No,Yes,Yes,Month-to-month,Yes,Credit card (automatic),33.95,1662.76
Female,1,Yes,Yes,43,No,No phone service,Fiber optic,Yes,No internet service,No,Yes,Yes,Yes,Month-to-month,Yes,Bank transfer (automatic),20.29,879.86
Female,1,No,No,15,No,Yes,No,Yes,No internet service,No internet service,No internet service,No internet service,Yes,One year,No,Bank transfer (automatic),118.26,1773.46
Male,0,Yes,No,16,Yes,Yes,Fiber optic,No internet service,No,No internet service,No,Yes,No internet service,One year,No,Credit card (automatic),36.57,585.85
Male,0,Yes,No,53,No,Yes,Fiber optic,No internet service,Yes,Yes,No,No internet service,Yes,Two year,Yes,Mailed check,39.24,2078.75
Male,0,Yes,No,22,No,Yes,DSL,No internet service,No,Yes,No,Yes,Yes,Two year,Yes,Mailed check,110.13,2420.59
Male,1,No,No,12,No,No,Fiber optic,Yes,No,No,No,No internet service,No internet service,Two year,Yes,Credit card (automatic),40.03,490.32
Female,1,Yes,No,25,Yes,No phone service,Fiber optic,No,No,No,No,Yes,Yes,Two year,No,Mailed check,79.9,2002.83
Female,1,Yes,Yes,0,Yes,No phone service,No,Yes,No internet service,No internet service,Yes,No,Yes,One year,No,Credit card (automatic),22.5, 
Female,1,Yes,No,6,No,No,Fiber optic,Yes,No internet service,No internet service,No,No internet service,Yes,Month-to-month,Yes,Mailed check,63.71,376.53
Male,0,No,Yes,5,No,No,Fiber optic,No,No,No internet service,Yes,No,No internet service,Two year,Yes,Credit card (automatic),94.8,464.88
Female,1,Yes,Yes,34,Yes,Yes,No,Yes,Yes,Yes,No,No internet service,Yes,Two year,Yes,Bank transfer (automatic),118.0,4020.27
Female,1,Yes,No,38,Yes,No phone service,Fiber optic,No,No,No,Yes,No,No,One year,No,Credit card (automatic),29.7,1123.1
Female,0,No,Yes,8,No,Yes,DSL,No,Yes,Yes,No internet service,No internet service,No,One year,Yes,Mailed check,47.02,372.47
Male,1,No,Yes,38,No,No phone service,Fiber optic,No,No internet service,No,Yes,Yes,No internet service,Two year,No,Bank transfer (automatic),96.08,3650.72
Female,1,No,No,42,No,No,Fiber optic,Yes,No internet service,No internet service,No internet service,No internet service,No internet service,Month-to-month,No,Bank transfer (automatic),41.41,1741.98
Male,0,Yes,No,15,No,No phone service,Fiber optic,No internet service,No internet service,Yes,Yes,No internet service,Yes,One year,No,Credit card (automatic),62.98,936.55
Male,1,Yes,No,39,Yes,Yes,No,No internet service,Yes,No,Yes,No internet service,Yes,Two year,Yes,Credit card (automatic),36.31,1407.9
Female,0,No,No,19,Yes,No phone service,No,No,No internet service,No internet service,Yes,No internet service,No,One year,No,Electronic check,71.44,1359.58
Female,0,Yes,Yes,47,Yes,Yes,Fiber optic,No internet service,No,No internet service,No internet service,No,No,Month-to-month,Yes,Bank transfer (automatic),85.14,4006.42
Male,1,No,Yes,12,No,Yes,DSL,No internet service,Yes,No internet service,No,Yes,No,Month-to-month,Yes,Mailed check,107.48,1295.15
Female,0,Yes,No,17,Yes,Yes,Fiber optic,No,No internet service,No,No internet service,No internet service,Yes,Month-to-month,No,Credit card (automatic),83.34,1424.14
Male,1,No,Yes,22,Yes,No phone service,No,No internet service,No internet service,No internet service,No internet service,Yes,No,Two year,Yes,Electronic check,116.84,2569.27
Female,1,Yes,No,8,No,No phone service,DSL,No,No,No,No internet service,No internet service,Yes,Two year,Yes,Electronic check,84.9,678.2
Male,1,Yes,Yes,9,Yes,No,DSL,No internet service,No,No,No internet service,Yes,No internet service,Month-to-month,Yes,Bank transfer (automatic),37.09,325.97
Male,0,Yes,No,2,No,No,No,Yes,No,No,No,No,No,Month-to-month,Yes,Mailed check,116.7,234.45
Female,1,Yes,Yes,60,Yes,No,DSL,No,No,No internet service,No internet service,No internet service,No,One year,Yes,Credit card (automatic),54.42,3271.07
Male,0,Yes,No,24,No,No,Fiber optic,Yes,Yes,No internet service,Yes,No internet service,No,Month-to-month,Yes,Bank transfer (automatic),41.99,1005.83
Male,1,No,No,35,Yes,Yes,No,Yes,No internet service,Yes,Yes,Yes,Yes,One year,No,Bank transfer (automatic),37.9,1325.31
Male,1,No,Yes,43,Yes,No phone service,No,No,No,No internet service,Yes,No,No internet service,Two year,No,Bank transfer (automatic),44.52,1908.37
Male,0,No,No,57,Yes,Yes,Fiber optic,No,Yes,Yes,No,No internet service,No,Month-to-month,No,Bank transfer (automatic),46.02,2617.7
Female,1,No,No,5,Yes,No phone service,DSL,No,Yes,No internet service,No,No internet service,No internet service,Month-to-month,No,Electronic check,116.67,586.7
Male,0,No,Yes,47,No,Yes,DSL,No internet service,No,No internet service,No internet service,No,Yes,One year,Yes,Credit card (automatic),116.98,5488.85
Female,1,No,Yes,37,Yes,Yes,Fiber optic,No,Yes,No,Yes,Yes,No,Month-to-month,No,Bank transfer (automatic),42.52,1564.73
Male,0,Yes,Yes,18,Yes,No phone service,No,Yes,No,Yes,No,No internet service,No internet service,Two year,Yes,Electronic check,66.59,1201.32
Male,0,Yes,No,40,Yes,No phone service,No,No internet service,Yes,No,No,Yes,No,One year,Yes,Mailed check,76.38,3064.22
Male,0,No,No,38,No,Yes,DSL,Yes,No internet service,No,No,No internet service,No internet service,One year,Yes,Electronic check,31.08,1188.6
Female,1,No,Yes,68,No,No phone service,DSL,No internet service,Yes,Yes,No internet service,No,No internet service,Two year,No,Bank transfer (automatic),50.66,3435.78
Male,0,No,No,25,No,No phone service,DSL,Yes,No,No internet service,No internet service,Yes,Yes,Two year,Yes,Credit card (automatic),22.26,559.94
Male,0,No,Yes,69,No,Yes,No,No,No internet service,No,No,No,No,Month-to-month,No,Mailed check,18.64,1286.68
Male,1,No,No,21,Yes,Yes,DSL,Yes,Yes,No internet service,No,No,No,Two year,No,Mailed check,40.46,850.15
Male,1,No,No,60,No,No,Fiber optic,No internet service,No internet service,No,No,Yes,Yes,Month-to-month,No,Mailed check,35.87,2161.28
Female,1,Yes,Yes,1,Yes,No,Fiber optic,No internet service,Yes,No internet service,Yes,No internet service,No,Two year,No,Mailed check,78.3,83.8
Male,0,Yes,No,35,Yes,Yes,No,No,No internet service,No,No,Yes,No internet service,Month-to-month,No,Mailed check,77.15,2696.86
Male,1,Yes,Yes,60,No,No phone service,DSL,No internet service,No,No internet service,Yes,No internet service,No internet service,Month-to-month,No,Electronic check,40.05,2410.58
Female,1,Yes,Yes,21,Yes,No phone service,DSL,No,No internet service,Yes,No,No,No,One year,No,Bank transfer (automatic),91.61,1925.76
Male,0,No,No,20,Yes,Yes,No,No,No,No,Yes,No,Yes,Month-to-month,No,Bank transfer (automatic),34.64,699.51
Male,1,No,No,43,Yes,No,Fiber optic,No internet service,No,Yes,Yes,No internet service,No,One year,Yes,Electronic check,73.1,3147.18
Female,0,No,Yes,53,Yes,No,Fiber optic,No,Yes,No internet service,Yes,No,Yes,Month-to-month,Yes,Electronic check,54.31,2878.6
Male,1,No,No,30,Yes,No phone service,No,Yes,Yes,No,Yes,No internet service,Yes,Two year,No,Mailed check,70.58,2125.26
Female,0,No,No,61,No,Yes,DSL,Yes,Yes,Yes,Yes,Yes,Yes,Two year,No,Mailed check,95.94,5853.21
Female,1,No,No,18,No,Yes,DSL,No,Yes,No internet service,No internet service,Yes,No internet service,Two year,Yes,Credit card (automatic),71.47,1285.02
Female,1,Yes,No,33,Yes,Yes,Fiber optic,No internet service,Yes,Yes,Yes,Yes,No,Month-to-month,Yes,Mailed check,22.27,743.53
Male,1,Yes,No,30,No,No,No,Yes,No,No internet service,No,No,No,Month-to-month,Yes,Credit card (automatic),81.72,2443.24
Male,0,Yes,No,48,Yes,No phone service,Fiber optic,No,No internet service,No internet service,No,No internet service,No internet service,Two year,Yes,Electronic check,115.65,5541.89
Female,1,No,No,47,No,No phone service,No,No,No internet service,Yes,No internet service,No,No internet service,Month-to-month,No,Electronic check,58.84,2764.66
Male,0,No,No,29,Yes,No phone service,No,Yes,No internet service,Yes,No,Yes,No,Two year,Yes,Electronic check,94.05,2727.4
Male,1,No,No,58,No,No,No,Yes,Yes,No,No,Yes,No internet service,Month-to-month,No,Bank transfer (automatic),100.8,5849.08
Female,0,Yes,Yes,41,Yes,No phone service,Fiber optic,No internet service,Yes,No internet service,No,No internet service,No internet service,Month-to-month,No,Credit card (automatic),37.44,1536.91
Male,1,Yes,No,65,Yes,No phone service,Fiber optic,No internet service,No internet service,No internet service,No,No internet service,Yes,Two year,Yes,Electronic check,23.17,1502.3
Female,1,Yes,Yes,70,Yes,Yes,DSL,No internet service,No,No internet service,No,Yes,No,Month-to-month,No,Mailed check,92.91,6512.13
Female,1,Yes,No,5,No,Yes,DSL,No internet service,No,No internet service,No internet service,Yes,No internet service,One year,Yes,Credit card (automatic),45.54,237.07
Female,0,No,No,25,No,No,No,Yes,No,No,Yes,Yes,No internet service,Two year,Yes,Mailed check,39.52,995.68
Female,0,No,Yes,52,No,Yes,No,No,No,Yes,No internet service,No internet service,No,Month-to-month,No,Mailed check,97.95,5091.97
Female,0,Yes,No,12,Yes,No,DSL,No,No,No internet service,No internet service,No internet service,Yes,Two year,No,Credit card (automatic),47.52,572.73
Male,0,Yes,Yes,51,Yes,No,No,Yes,No,No,No internet service,No,No internet service,Two year,Yes,Credit card (automatic),111.31,5677.6
Male,0,No,No,10,No,No phone service,DSL,No internet service,No internet service,No internet service,No internet service,Yes,No internet service,Two year,Yes,Electronic check,34.36,345.53
Male,0,Yes,Yes,51,No,Yes,Fiber optic,No,No,No,Yes,Yes,No,One year,No,Bank transfer (automatic),50.98,2594.29
Female,0,Yes,No,70,No,No phone service,No,No internet service,No internet service,Yes,No,No,No,Two year,No,Electronic check,24.95,1755.28
Female,1,Yes,No,6,No,Yes,No,Yes,No internet service,Yes,Yes,No internet service,No,Two year,Yes,Mailed check,71.09,421.75
Male,0,No,No,19,Yes,No phone service,DSL,No internet service,Yes,No internet service,No internet service,Yes,No internet service,One year,No,Credit card (automatic),37.46,714.37
Female,0,Yes,No,19,No,No,No,No internet service,No internet service,No,No internet service,Yes,No internet service,Month-to-month,Yes,Electronic check,59.83,1127.61
Female,0,Yes,Yes,42,No,Yes,No,Yes,Yes,No internet service,No internet service,No internet service,No internet service,Two year,No,Credit card (automatic),102.06,4278.55
Male,0,No,No,66,Yes,No,No,No,No,No,No,No internet service,No,Month-to-month,No,Mailed check,48.7,3214.62
Male,0,Yes,Yes,17,Yes,No phone service,Fiber optic,Yes,No,No internet service,Yes,No,Yes,Month-to-month,Yes,Mailed check,104.5,1781.64
Female,0,No,Yes,50,Yes,No phone service,Fiber optic,Yes,Yes,Yes,No,Yes,No internet service,Month-to-month,Yes,Electronic check,106.1,5304.77
Male,0,Yes,No,4,No,No phone service,Fiber optic,Yes,No internet service,No,No,Yes,No internet service,One year,Yes,Credit card (automatic),93.37,367.05
Male,1,Yes,No,53,No,No,DSL,No internet service,Yes,Yes,No internet service,No internet service,No,One year,Yes,Electronic check,69.76,3693.34
Male,0,Yes,No,0,Yes,No phone service,DSL,No internet service,Yes,No,No internet service,No,No,Two year,Yes,Mailed check,101.97, 
Male,1,No,Yes,3,Yes,No phone service,No,No,Yes,No internet service,Yes,No internet service,No,One year,Yes,Electronic check,20.56,55.52
Female,0,Yes,Yes,29,No,Yes,Fiber optic,Yes,No,No internet service,Yes,Yes,No,One year,Yes,Electronic check,67.23,1957.22
Female,1,Yes,No,19,Yes,No phone service,No,No,Yes,Yes,Yes,Yes,No,Month-to-month,Yes,Credit card (automatic),87.48,1657.05
Female,0,No,Yes,23,No,Yes,Fiber optic,Yes,No internet service,No internet service,Yes,No,Yes,Month-to-month,No,Credit card (automatic),24.86,571.24
Female,1,No,Yes,1,Yes,Yes,DSL,No internet service,Yes,Yes,Yes,No internet service,No,Month-to-month,No,Electronic check,90.57,97.33
Female,1,No,No,15,No,No phone service,No,Yes,Yes,No internet service,Yes,Yes,Yes,Two year,Yes,Electronic check,33.68,498.48
Female,1,Yes,No,13,No,No phone service,Fiber optic,No,Yes,No,No,Yes,No,Month-to-month,No,Mailed check,37.87,500.85
Male,1,Yes,No,7,Yes,Yes,DSL,No,Yes,Yes,Yes,Yes,No,One year,Yes,Mailed check,88.79,626.43
Female,1,No,No,20,No,No,No,No internet service,No internet service,No,No internet service,No,No internet service,Month-to-month,No,Mailed check,78.56,1570.92
Female,0,No,Yes,44,Yes,No,No,Yes,No,Yes,No,Yes,No,Two year,Yes,Electronic check,68.81,3035.71
Male,1,No,Yes,55,Yes,No phone service,Fiber optic,No,No internet service,No,No,No internet service,Yes,Month-to-month,Yes,Credit card (automatic),99.71,5483.28
Female,1,Yes,Yes,58,No,No,No,Yes,No,Yes,No,No,No internet service,Two year,Yes,Mailed check,113.32,6581.64
Male,1,No,Yes,46,Yes,No,Fiber optic,No,No,No internet service,No,No internet service,No internet service,One year,No,Mailed check,68.74,3170.56
Female,1,Yes,Yes,34,No,Yes,DSL,No,No,No,Yes,Yes,Yes,One year,No,Electronic check,84.19,2865.84
Female,0,Yes,No,20,Yes,No phone service,DSL,Yes,No,Yes,Yes,Yes,No internet service,One year,No,Bank transfer (automatic),45.25,902.06
Female,1,No,No,68,No,Yes,DSL,No,No internet service,Yes,No,No internet service,No,One year,No,Credit card (automatic),26.9,1820.81
Female,0,No,No,38,No,No phone service,DSL,No internet service,No,No,No,No,Yes,One year,No,Credit card (automatic),85.69,3265.19
Male,1,Yes,No,25,Yes,No,No,Yes,No internet service,No,No internet service,Yes,Yes,Month-to-month,No,Bank transfer (automatic),53.78,1347.91
Male,1,Yes,No,37,Yes,Yes,DSL,No,Yes,Yes,No,No internet service,No internet service,Two year,No,Mailed check,59.91,2220.33
Male,0,No,No,70,No,No,Fiber optic,No,No,Yes,No internet service,Yes,Yes,One year,No,Credit card (automatic),100.83,7054.87
Male,1,Yes,Yes,46,No,No phone service,No,Yes,No,No,No,No,No,One year,Yes,Electronic check,61.44,2829.6
Female,0,Yes,Yes,37,Yes,No,Fiber optic,No internet service,Yes,No,No,Yes,No,One year,Yes,Bank transfer (automatic),101.09,3731.67
Female,1,Yes,Yes,63,Yes,No,Fiber optic,Yes,Yes,Yes,No internet service,Yes,Yes,Two year,Yes,Credit card (automatic),50.19,3162.3
Male,1,No,Yes,33,No,No phone service,DSL,No internet service,Yes,Yes,No,Yes,No,Two year,Yes,Mailed check,81.62,2698.59
Male,1,Yes,Yes,13,Yes,No phone service,No,No internet service,No internet service,No internet service,No,No,Yes,One year,Yes,Electronic check,53.1,698.37
Male,0,No,Yes,51,No,Yes,DSL,No internet service,Yes,Yes,No,No internet service,No,Two year,Yes,Credit card (automatic),79.31,4053.48
Male,0,No,No,3,Yes,No,DSL,No,No internet service,Yes,No internet service,Yes,No internet service,Month-to-month,Yes,Mailed check,113.81,337.31
Male,0,Yes,Yes,28,No,No,No,Yes,Yes,No,Yes,No internet service,Yes,One year,Yes,Mailed check,52.39,1468.75
Male,0,No,Yes,6,Yes,Yes,DSL,No,No,Yes,Yes,No,Yes,One year,Yes,Bank transfer (automatic),43.74,265.97
Male,1,No,No,66,Yes,No phone service,No,No,No,No internet service,No internet service,No,No internet service,Month-to-month,Yes,Electronic check,78.65,5192.63
Female,0,Yes,No,44,No,No phone service,No,No,No internet service,Yes,No,No internet service,No internet service,Month-to-month,Yes,Mailed check,99.17,4368.83
Female,1,No,No,47,Yes,Yes,No,No,No,No,No,No,No internet service,One year,Yes,Bank transfer (automatic),77.26,3636.36
Female,0,Yes,Yes,23,Yes,Yes,No,No,No internet service,No internet service,No internet service,No internet service,No,Month-to-month,No,Electronic check,52.78,1221.8
Female,1,Yes,No,59,No,No,No,No internet service,No internet service,Yes,No,No,No,One year,No,Electronic check,76.74,4535.53
Female,0,No,No,42,No,Yes,Fiber optic,No,Yes,Yes,No,No,Yes,Month-to-month,Yes,Credit card (automatic),50.04,2107.0
Male,1,Yes,No,51,No,Yes,Fiber optic,Yes,No,Yes,No internet service,No,Yes,Month-to-month,Yes,Bank transfer (automatic),83.32,4251.74
Male,0,Yes,Yes,25,No,No,DSL,No internet service,No internet service,No internet service,No,No,Yes,Two year,Yes,Mailed check,82.19,2061.06
Male,0,Yes,No,31,Yes,No,No,No,No internet service,No,No internet service,No internet service,No,Two year,Yes,Mailed check,28.41,889.86
Male,0,Yes,Yes,58,No,No phone service,Fiber optic,Yes,No internet service,No,Yes,No internet service,No,Two year,Yes,Bank transfer (automatic),39.92,2323.02
Female,0,Yes,Yes,60,Yes,No phone service,Fiber optic,No internet service,No,No internet service,No,No internet service,No internet service,Two year,Yes,Mailed check,37.75,2272.8
Female,0,No,Yes,49,No,No phone service,No,No internet service,No internet service,No,No internet service,No,No internet service,One year,Yes,Mailed check,95.41,4683.85
Female,0,No,Yes,42,Yes,No phone service,DSL,Yes,No internet service,No internet service,No internet service,No internet service,No internet service,Two year,Yes,Electronic check,109.59,4595.99
Female,1,Yes,No,63,Yes,No,DSL,No internet service,Yes,No,Yes,No internet service,Yes,Month-to-month,Yes,Credit card (automatic),104.91,6613.59
Female,0,No,Yes,31,Yes,No,DSL,Yes,No internet service,Yes,No,No internet service,No,Month-to-month,No,Mailed check,65.0,2008.03
Female,0,No,No,19,No,No phone service,No,No internet service,No,Yes,No internet service,No internet service,Yes,Two year,No,Bank transfer (automatic),49.31,934.8
Female,0,Yes,No,2,Yes,No phone service,No,No,No,Yes,Yes,No internet service,Yes,One year,No,Credit card (automatic),72.74,150.12
Female,0,No,No,7,Yes,No,No,Yes,Yes,Yes,No,No internet service,Yes,One year,No,Mailed check,57.91,396.01
Female,0,Yes,No,19,No,Yes,No,No,Yes,No internet service,No,No,No internet service,Two year,No,Mailed check,115.25,2195.29
Male,0,No,Yes,49,Yes,Yes,DSL,No internet service,No internet service,No,Yes,No internet service,No,Two year,Yes,Credit card (automatic),101.21,4961.09
Male,1,Yes,Yes,18,No,Yes,Fiber optic,Yes,No internet service,No internet service,Yes,No,No internet service,Month-to-month,No,Credit card (automatic),64.35,1152.92
Female,0,No,No,7,No,No,DSL,No internet service,No internet service,No internet service,No,No internet service,No,Month-to-month,No,Bank transfer (automatic),87.87,614.93
Male,0,Yes,No,44,No,No,No,Yes,No,Yes,No,Yes,No,One year,Yes,Bank transfer (automatic),40.99,1797.76
Female,0,No,No,16,Yes,No phone service,No,No internet service,No internet service,Yes,Yes,Yes,Yes,Two year,Yes,Mailed check,23.77,381.36
Female,1,No,No,34,No,No,No,No,Yes,Yes,Yes,Yes,No,Two year,Yes,Mailed check,71.77,2430.75
Male,1,No,Yes,69,No,No,Fiber optic,No internet service,No internet service,No internet service,No internet service,Yes,No,One year,Yes,Electronic check,64.52,4442.85
Female,0,Yes,Yes,30,No,No phone service,No,Yes,No internet service,No,Yes,No internet service,No internet service,Two year,Yes,Mailed check,38.87,1173.73
Male,1,No,No,14,No,No phone service,Fiber optic,No internet service,No internet service,Yes,No internet service,Yes,No internet service,Month-to-month,Yes,Mailed check,46.02,637.67
Male,0,No,No,68,Yes,Yes,Fiber optic,No internet service,No,Yes,No internet service,Yes,Yes,Month-to-month,No,Bank transfer (automatic),100.38,6818.01
Male,0,No,Yes,47,No,Yes,No,Yes,No internet service,Yes,No,No,No internet service,One year,Yes,Electronic check,64.52,3028.47
Female,0,No,No,44,Yes,Yes,Fiber optic,Yes,No,No,Yes,No internet service,No internet service,One year,Yes,Mailed check,59.58,2623.68
Female,0,Yes,Yes,39,No,Yes,Fiber optic,No internet service,No internet service,No,Yes,No,Yes,Month-to-month,Yes,Bank transfer (automatic),94.61,3682.15
Male,1,No,Yes,24,Yes,Yes,DSL,No,No internet service,No,No,No,No internet service,One year,No,Electronic check,105.09,2527.22
Male,0,Yes,Yes,70,Yes,Yes,No,No internet service,Yes,No,Yes,No internet service,No,Two year,Yes,Bank transfer (automatic),89.43,6268.66
Male,0,No,Yes,41,No,No phone service,No,Yes,No internet service,No internet service,Yes,No,Yes,Two year,No,Mailed check,26.14,1073.58
Female,1,Yes,No,22,No,Yes,No,No internet service,No,No,No,Yes,No internet service,Month-to-month,Yes,Credit card (automatic),93.81,2063.71
Female,1,No,Yes,39,Yes,Yes,DSL,No internet service,No internet service,No internet service,Yes,Yes,No,Month-to-month,Yes,Bank transfer (automatic),117.96,4596.66
Female,1,Yes,No,57,No,No,DSL,No,No,Yes,Yes,No internet service,No,One year,Yes,Credit card (automatic),78.36,4462.08
Female,1,Yes,Yes,17,Yes,Yes,Fiber optic,Yes,No,Yes,No internet service,No,No,Two year,Yes,Electronic check,96.32,1638.18
Female,0,No,No,41,Yes,No phone service,No,Yes,No,No internet service,No,No internet service,No,Month-to-month,Yes,Bank transfer (automatic),101.76,4165.82
Male,0,Yes,Yes,37,Yes,No phone service,No,No internet service,No internet service,No internet service,No internet service,No,No internet service,One year,Yes,Bank transfer (automatic),20.01,741.67
Female,1,No,No,63,No,No phone service,Fiber optic,Yes,No,No,No,No internet service,No,Two year,No,Bank transfer (automatic),93.61,5891.63
Female,0,Yes,Yes,51,Yes,Yes,Fiber optic,No,No,No,No internet service,No internet service,Yes,Two year,Yes,Mailed check,54.62,2794.47
Female,1,Yes,Yes,69,No,Yes,Fiber optic,No internet service,No,No,No,No,No,Two year,Yes,Mailed check,34.26,2370.71
Male,1,No,No,63,Yes,Yes,No,No,No,No,No internet service,Yes,No internet service,Two year,No,Credit card (automatic),61.12,3846.03
Male,0,Yes,Yes,11,Yes,No,Fiber optic,No,No,Yes,Yes,No internet service,No internet service,Month-to-month,Yes,Mailed check,75.43,825.36
Male,1,No,Yes,18,Yes,No,No,No,No,No internet service,No internet service,No internet service,Yes,One year,Yes,Bank transfer (automatic),114.18,2060.63
Male,1,Yes,Yes,61,No,No,No,No,No,No,No internet service,No internet service,No internet service,One year,No,Bank transfer (automatic),56.69,3454.26
Male,0,Yes,No,2,No,No phone service,Fiber optic,No,No internet service,No,No,No,No,Month-to-month,No,Credit card (automatic),35.37,78.23
Female,1,No,Yes,41,No,Yes,DSL,Yes,No internet service,Yes,No internet service,Yes,Yes,One year,Yes,Electronic check,31.96,1317.84
Male,1,No,Yes,12,Yes,Yes,DSL,No internet service,No internet service,No,No,No,No internet service,Two year,No,Mailed check,19.07,223.01
Male,0,No,No,26,Yes,No phone service,DSL,Yes,Yes,Yes,No internet service,No internet service,No,Month-to-month,Yes,Bank transfer (automatic),45.64,1195.2
Female,1,Yes,No,0,No,No,Fiber optic,Yes,No,No internet service,No,No,No internet service,Month-to-month,Yes,Credit card (automatic),108.18, 
Male,0,No,No,60,No,Yes,No,No,No,No,No internet service,No,No,Month-to-month,Yes,Credit card (automatic),104.62,6286.24
Female,0,Yes,No,54,Yes,No,DSL,Yes,No,No internet service,No internet service,No internet service,No,Two year,No,Mailed check,20.86,1121.25
Female,0,Yes,Yes,46,No,No phone service,Fiber optic,No,Yes,No,No,No,No internet service,Month-to-month,No,Bank transfer (automatic),78.89,3619.16
Female,1,No,No,33,Yes,No phone service,Fiber optic,Yes,No internet service,No,No,No internet service,No,Month-to-month,Yes,Credit card (automatic),66.27,2188.59
Male,0,No,Yes,2,No,Yes,DSL,No internet service,No,No internet service,No,No internet service,No internet service,Two year,Yes,Credit card (automatic),67.05,125.05
Female,0,No,No,51,No,No phone service,Fiber optic,No internet service,No internet service,Yes,No,No,Yes,Month-to-month,No,Credit card (automatic),73.58,3759.72
Male,0,No,Yes,36,No,Yes,No,Yes,No internet service,Yes,No,No,No internet service,One year,No,Electronic check,107.21,3849.74
Male,0,No,No,21,Yes,No phone service,No,Yes,Yes,Yes,No internet service,No,No internet service,One year,No,Mailed check,72.07,1509.89
Female,0,No,Yes,31,Yes,Yes,DSL,Yes,Yes,No internet service,No internet service,No,Yes,Two year,No,Electronic check,31.01,951.55
Female,0,Yes,Yes,68,No,No phone service,DSL,No,No internet service,Yes,No internet service,No internet service,Yes,Two year,No,Mailed check,33.29,2260.58
Female,0,Yes,Yes,67,No,Yes,Fiber optic,Yes,No internet service,Yes,No internet service,No,No internet service,Month-to-month,No,Bank transfer (automatic),47.31,3168.93
Male,0,Yes,No,66,No,No phone service,Fiber optic,No,Yes,No internet service,No internet service,Yes,No internet service,Two year,Yes,Credit card (automatic),64.61,4255.7
Female,0,Yes,No,60,No,Yes,Fiber optic,No internet service,No,No,No,No,Yes,One year,Yes,Credit card (automatic),50.15,3010.07
Female,0,No,No,18,Yes,No,Fiber optic,No,No,No internet service,No internet service,No internet service,No internet service,One year,Yes,Mailed check,23.72,422.64
Male,0,No,No,59,No,No,Fiber optic,No internet service,No internet service,No,No,Yes,Yes,Month-to-month,No,Bank transfer (automatic),78.01,4609.16
Female,1,Yes,Yes,41,Yes,No phone service,DSL,Yes,No,No internet service,Yes,No internet service,Yes,Two year,No,Credit card (automatic),61.32,2515.56
Male,1,No,Yes,39,Yes,Yes,No,No internet service,Yes,No,Yes,No,Yes,One year,No,Electronic check,35.34,1369.81
Female,1,Yes,No,69,No,Yes,No,No,Yes,No,No,No,No,Month-to-month,Yes,Electronic check,20.62,1414.07
Male,1,No,Yes,33,Yes,Yes,Fiber optic,Yes,Yes,Yes,No,Yes,Yes,Two year,Yes,Bank transfer (automatic),47.95,1584.27
Male,0,Yes,No,36,No,Yes,DSL,No internet service,No internet service,No internet service,Yes,Yes,Yes,Month-to-month,No,Electronic check,52.76,1896.38
Female,1,No,No,59,Yes,No,DSL,No,No,No internet service,No,No internet service,No internet service,Two year,Yes,Credit card (automatic),94.51,5584.74
Female,0,Yes,Yes,28,Yes,No,DSL,No internet service,No internet service,Yes,No internet service,Yes,No,Month-to-month,No,Electronic check,99.62,2799.04
Male,1,No,Yes,12,Yes,Yes,DSL,No,No internet service,No,No internet service,No,No,Two year,No,Electronic check,39.25,476.41
Male,0,Yes,No,49,Yes,No,DSL,No,Yes,No,No internet service,No internet service,No internet service,Month-to-month,Yes,Bank transfer (automatic),105.54,5173.54
Female,0,Yes,No,66,Yes,No phone service,Fiber optic,Yes,No internet service,No internet service,Yes,Yes,Yes,One year,No,Electronic check,89.32,5902.25
Female,0,Yes,Yes,28,Yes,Yes,DSL,No,Yes,Yes,No,No internet service,No internet service,Month-to-month,Yes,Electronic check,24.66,685.46
Male,0,No,Yes,33,Yes,No phone service,No,No internet service,No internet service,No,No,Yes,No internet service,Month-to-month,Yes,Mailed check,52.25,1719.59
Male,0,No,No,72,Yes,No phone service,Fiber optic,No internet service,No internet service,No internet service,No internet service,No internet service,No,One year,No,Credit card (automatic),85.79,6174.17
Female,0,Yes,Yes,13,Yes,No phone service,No,No internet service,No,No,No internet service,No,No internet service,One year,Yes,Credit card (automatic),100.59,1306.08
Female,0,Yes,Yes,39,No,Yes,Fiber optic,No,No internet service,Yes,Yes,No,No internet service,One year,No,Credit card (automatic),117.85,4603.16
Male,1,Yes,No,24,Yes,No phone service,DSL,Yes,No,No internet service,No internet service,No,Yes,Two year,No,Electronic check,87.89,2099.91
Female,1,No,No,49,Yes,Yes,No,No,No,No internet service,No internet service,No,Yes,Month-to-month,No,Mailed check,103.18,5051.39
Male,0,No,Yes,5,Yes,No phone service,DSL,No,No,No internet service,No,No internet service,Yes,One year,No,Bank transfer (automatic),37.59,195.8
Female,1,No,Yes,64,No,No,Fiber optic,No,No internet service,Yes,No,Yes,No,Month-to-month,No,Bank transfer (automatic),113.37,7258.3
Male,1,Yes,Yes,45,No,No phone service,No,No internet service,No internet service,No,No internet service,No,No internet service,Month-to-month,Yes,Mailed check,44.31,1986.3
Male,1,No,No,1,No,No phone service,DSL,No internet service,Yes,Yes,No internet service,No internet service,Yes,Month-to-month,Yes,Electronic check,92.46,88.39
Female,1,No,Yes,53,Yes,Yes,Fiber optic,No internet service,Yes,No,No internet service,No,No,One year,Yes,Mailed check,60.62,3220.75
Male,0,Yes,Yes,46,Yes,No,DSL,Yes,Yes,No internet service,No internet service,No,No,Two year,Yes,Electronic check,49.49,2282.08
Male,0,No,No,5,No,Yes,DSL,No,No,No,Yes,Yes,No,One year,No,Credit card (automatic),28.56,137.75
Male,1,Yes,No,68,No,No phone service,No,Yes,Yes,No,No,No,No,Two year,Yes,Credit card (automatic),78.48,5339.56
Male,1,Yes,Yes,27,Yes,No phone service,Fiber optic,Yes,No,No internet service,No,Yes,Yes,Month-to-month,Yes,Electronic check,40.6,1097.92
Female,1,No,Yes,24,Yes,No,DSL,No,No internet service,No internet service,No internet service,Yes,Yes,Two year,No,Credit card (automatic),108.99,2607.27
Female,1,No,Yes,69,Yes,Yes,No,No internet service,No,No internet service,No,No,No internet service,Two year,No,Mailed check,59.6,4108.0
Male,1,Yes,Yes,46,Yes,Yes,DSL,No internet service,No,No internet service,Yes,Yes,No,Two year,No,Bank transfer (automatic),116.88,5374.75
Male,1,Yes,Yes,68,Yes,No,Fiber optic,No,No,No,No,No internet service,No internet service,One year,No,Mailed check,93.87,6380.61
Male,1,No,No,52,No,No,No,Yes,Yes,No internet service,No,No internet service,No,Month-to-month,No,Bank transfer (automatic),88.74,4619.65
Male,1,No,Yes,26,No,No phone service,DSL,No internet service,No,No,No internet service,No internet service,Yes,One year,No,Bank transfer (automatic),93.54,2422.72
Female,0,Yes,Yes,27,No,No,DSL,No internet service,No,No,No internet service,No internet service,No internet service,One year,Yes,Credit card (automatic),57.62,1554.32
Female,0,Yes,Yes,3,Yes,Yes,Fiber optic,No internet service,Yes,Yes,No internet service,No,Yes,Two year,No,Bank transfer (automatic),107.92,317.12
Male,0,Yes,No,34,Yes,No,No,Yes,Yes,No internet service,Yes,No,No,Two year,No,Bank transfer (automatic),71.44,2433.16
Male,0,No,Yes,33,Yes,No,Fiber optic,Yes,Yes,No internet service,No,Yes,No,Month-to-month,No,Electronic check,46.92,1556.81
Male,0,No,No,2,Yes,Yes,DSL,No internet service,No,No,No internet service,Yes,No,Month-to-month,No,Electronic check,96.77,188.91
Male,1,No,No,13,Yes,No phone service,No,Yes,Yes,Yes,Yes,No,No,Month-to-month,No,Electronic check,53.8,702.2
Female,1,Yes,No,50,No,No,Fiber optic,No,Yes,No,No internet service,No internet service,No,One year,No,Bank transfer (automatic),50.08,2513.23
Male,0,Yes,Yes,69,Yes,No,Fiber optic,No,No,Yes,No internet service,No,Yes,One year,Yes,Electronic check,24.47,1682.68
Male,1,Yes,No,37,No,No phone service,No,No,No,Yes,No internet service,Yes,No,One year,No,Credit card (automatic),107.45,3979.53
Male,1,Yes,No,60,Yes,No phone service,Fiber optic,No internet service,No internet service,No internet service,Yes,No internet service,No internet service,One year,Yes,Credit card (automatic),102.09,6134.08
Male,1,No,Yes,55,No,No phone service,No,No,No internet service,No internet service,Yes,Yes,No internet service,One year,Yes,Bank transfer (automatic),70.8,3889.88
Female,0,Yes,No,39,No,No,No,No internet service,Yes,Yes,No internet service,No internet service,No,Two year,No,Mailed check,63.97,2494.54
Male,1,Yes,No,34,No,No phone service,DSL,No,No,Yes,Yes,No internet service,No internet service,Two year,No,Bank transfer (automatic),74.12,2513.37
Female,1,Yes,Yes,35,Yes,No,DSL,No internet service,No internet service,No internet service,Yes,No,Yes,One year,No,Mailed check,101.27,3541.91
Male,1,Yes,Yes,24,Yes,Yes,Fiber optic,Yes,No,No internet service,No internet service,Yes,No internet service,One year,Yes,Bank transfer (automatic),71.0,1708.41
Female,0,Yes,Yes,49,No,No phone service,Fiber optic,No,No,No,No internet service,Yes,Yes,One year,Yes,Electronic check,30.97,1526.37
Male,0,Yes,Yes,31,No,No phone service,No,Yes,No internet service,No internet service,No internet service,Yes,No internet service,Month-to-month,Yes,Bank transfer (automatic),83.46,2584.88
Male,1,No,Yes,24,No,Yes,No,No internet service,No,No internet service,Yes,Yes,No,Month-to-month,Yes,Credit card (automatic),32.35,778.73
Female,1,No,Yes,3,No,No phone service,DSL,Yes,No,Yes,No,No,No internet service,Two year,No,Credit card (automatic),54.13,154.91
Male,0,No,Yes,67,Yes,No phone service,Fiber optic,No internet service,Yes,Yes,No internet service,No,Yes,Month-to-month,No,Credit card (automatic),67.64,4538.65
Male,1,No,No,16,No,Yes,DSL,No internet service,No internet service,No,No internet service,Yes,Yes,One year,No,Mailed check,84.28,1343.75
Female,0,Yes,Yes,49,Yes,Yes,No,No internet service,Yes,No,No,No,No,One year,No,Bank transfer (automatic),55.97,2733.87
Female,1,Yes,Yes,37,Yes,No phone service,DSL,No,No,No internet service,Yes,No,No,One year,Yes,Bank transfer (automatic),37.64,1383.67
Male,0,No,Yes,55,Yes,No phone service,Fiber optic,No,No,No,Yes,No,Yes,One year,Yes,Mailed check,81.77,4494.53
Male,0,No,Yes,44,No,No phone service,DSL,Yes,No internet service,Yes,No,No,No,Month-to-month,Yes,Bank transfer (automatic),35.44,1565.72
Male,1,Yes,No,50,Yes,No,Fiber optic,Yes,No,No internet service,No internet service,No,Yes,Month-to-month,Yes,Mailed check,83.18,4165.32
Male,0,Yes,Yes,33,No,No phone service,No,Yes,No internet service,No internet service,No,Yes,Yes,Two year,Yes,Credit card (automatic),95.52,3153.14
Male,0,No,Yes,18,No,No phone service,No,No internet service,No,No,No internet service,No internet service,Yes,Month-to-month,No,Credit card (automatic),60.3,1076.93
Female,0,Yes,Yes,36,No,Yes,DSL,Yes,No internet service,No internet service,No internet service,No,No,Month-to-month,Yes,Electronic check,71.05,2556.26
Female,0,No,No,17,Yes,No phone service,Fiber optic,No internet service,No,No internet service,Yes,No,No internet service,Month-to-month,Yes,Electronic check,22.98,398.26
Male,1,No,No,14,No,No,Fiber optic,No internet service,No,Yes,Yes,Yes,Yes,One year,No,Credit card (automatic),90.73,1275.66
Female,1,Yes,Yes,52,No,Yes,No,No internet service,No internet service,Yes,No internet service,No internet service,Yes,Month-to-month,No,Electronic check,108.13,5617.1
Male,1,No,No,47,Yes,No phone service,Fiber optic,No internet service,No internet service,No,No internet service,No,Yes,One year,No,Bank transfer (automatic),54.0,2531.57
Female,1,No,No,57,Yes,No,DSL,Yes,No,Yes,Yes,No internet service,No,Month-to-month,No,Mailed check,50.55,2878.34
Female,0,Yes,Yes,29,Yes,No,DSL,No,Yes,Yes,No internet service,No internet service,No,Two year,Yes,Mailed check,62.49,1820.94
Male,1,No,Yes,69,Yes,No phone service,Fiber optic,No internet service,No internet service,No,No,No internet service,Yes,Month-to-month,Yes,Mailed check,65.65,4524.32
Male,0,No,No,25,No,No,Fiber optic,Yes,Yes,No internet service,No internet service,No,No,One year,Yes,Credit card (automatic),38.58,965.45
Female,0,No,No,10,No,No,Fiber optic,No internet service,Yes,No,No,No,No,One year,Yes,Mailed check,22.68,222.98
Female,0,No,No,55,No,No,Fiber optic,No,Yes,No,No,Yes,No internet service,Two year,No,Bank transfer (automatic),82.94,4555.13
Female,0,Yes,Yes,55,No,Yes,No,No internet service,No,No internet service,No internet service,Yes,No internet service,One year,No,Credit card (automatic),85.31,4688.2
Male,1,No,No,45,No,No phone service,Fiber optic,Yes,No,No internet service,No internet service,No,No,Month-to-month,Yes,Electronic check,62.33,2814.62
Female,0,No,No,14,Yes,No phone service,No,No internet service,No,No,No,No,Yes,One year,No,Credit card (automatic),54.06,759.9
Male,1,No,Yes,65,No,No phone service,Fiber optic,No internet service,No,No internet service,Yes,No internet service,No,Month-to-month,No,Credit card (automatic),103.57,6730.21
Female,0,No,Yes,0,Yes,No phone service,DSL,No,Yes,No,No internet service,Yes,No internet service,Two year,Yes,Bank transfer (automatic),105.45, 
Male,0,Yes,Yes,50,Yes,No phone service,Fiber optic,No,Yes,Yes,No,Yes,No,Two year,No,Electronic check,107.45,5370.13
Female,1,Yes,Yes,42,Yes,No phone service,DSL,Yes,No,No,No,No,Yes,Two year,Yes,Electronic check,41.44,1737.32
Male,0,No,Yes,30,No,Yes,No,No,No,No,No,No internet service,Yes,Month-to-month,No,Electronic check,66.48,2000.77
Male,1,Yes,Yes,56,No,No,No,No internet service,Yes,No internet service,Yes,No internet service,No internet service,One year,No,Bank transfer (automatic),56.55,3171.92
Female,0,No,No,34,No,No,DSL,No,No internet service,No internet service,No internet service,No internet service,No,Month-to-month,Yes,Electronic check,21.22,726.13
Male,1,Yes,No,68,Yes,Yes,DSL,No internet service,No,No internet service,Yes,No,Yes,Two year,No,Electronic check,74.27,5042.92
Female,1,No,No,23,No,No,Fiber optic,No,No internet service,Yes,Yes,No internet service,Yes,Two year,Yes,Credit card (automatic),30.03,692.65
Female,0,No,Yes,17,Yes,Yes,DSL,Yes,No,No,No,No,No internet service,Month-to-month,No,Electronic check,45.14,763.71
Male,1,Yes,No,52,No,No,No,No,No internet service,No,Yes,Yes,Yes,Two year,No,Bank transfer (automatic),87.81,4574.0
Female,1,Yes,No,63,No,No phone service,Fiber optic,Yes,No,No,No,No,Yes,Month-to-month,No,Bank transfer (automatic),104.72,6604.72
Female,0,No,No,60,Yes,Yes,DSL,Yes,Yes,No internet service,Yes,No,No,Month-to-month,Yes,Credit card (automatic),67.19,4028.71
Female,1,No,Yes,25,No,Yes,Fiber optic,No,No,No,Yes,No internet service,No,Month-to-month,No,Credit card (automatic),58.18,1447.25
Female,0,No,No,54,Yes,Yes,DSL,No internet service,No internet service,No,Yes,Yes,Yes,One year,No,Credit card (automatic),33.61,1807.51
Female,1,No,Yes,18,Yes,No phone service,DSL,No,No internet service,No,Yes,No,No,Two year,Yes,Mailed check,27.49,490.81
Female,0,No,No,19,No,No phone service,No,No internet service,No,Yes,No,No,Yes,Two year,Yes,Credit card (automatic),114.28,2167.88
Female,0,No,No,36,Yes,No phone service,No,No,No internet service,Yes,No internet service,No internet service,Yes,One year,Yes,Credit card (automatic),33.15,1192.69
Female,1,No,Yes,48,Yes,No phone service,No,No internet service,No,No internet service,Yes,No,Yes,Month-to-month,Yes,Mailed check,116.52,5599.93
Male,0,No,No,57,No,No,DSL,No,No,No,No internet service,Yes,No internet service,Month-to-month,Yes,Electronic check,73.68,4197.86
Female,0,Yes,Yes,33,Yes,No phone service,No,Yes,No,No internet service,No,Yes,No internet service,Month-to-month,No,Credit card (automatic),101.51,3344.53
Male,1,Yes,Yes,64,No,Yes,Fiber optic,No internet service,No internet service,Yes,Yes,Yes,Yes,Month-to-month,No,Electronic check,19.07,1229.19
Female,0,No,Yes,68,Yes,Yes,No,No internet service,No internet service,Yes,No internet service,No,No,One year,Yes,Credit card (automatic),83.36,5670.86
Female,0,Yes,Yes,53,No,No phone service,Fiber optic,No,No,No,No,No internet service,No,Two year,No,Bank transfer (automatic),75.62,4003.98
Male,0,No,No,6,Yes,Yes,DSL,No internet service,Yes,No,No,No,Yes,Month-to-month,No,Mailed check,95.37,568.74
Male,1,Yes,Yes,60,No,Yes,Fiber optic,No,No internet service,Yes,No,No,No,Two year,Yes,Credit card (automatic),27.05,1614.11
Female,1,Yes,Yes,70,No,No phone service,DSL,No,No,No internet service,Yes,No,No internet service,Month-to-month,No,Credit card (automatic),83.71,5855.52
Female,0,Yes,Yes,50,No,No phone service,Fiber optic,No,Yes,No,No,Yes,Yes,Two year,Yes,Bank transfer (automatic),114.49,5723.19
Female,0,No,No,46,Yes,No,DSL,Yes,No internet service,Yes,No,Yes,Yes,Two year,No,Electronic check,68.07,3136.41
Male,1,No,Yes,53,No,Yes,No,Yes,No,Yes,No internet service,No,No internet service,Two year,No,Mailed check,95.31,5060.61
Male,0,Yes,Yes,65,No,Yes,No,Yes,No internet service,No internet service,Yes,No internet service,No,Two year,Yes,Mailed check,117.02,7598.13
Male,1,Yes,Yes,69,Yes,No,DSL,No internet service,No internet service,No,No internet service,No internet service,No internet service,Two year,Yes,Credit card (automatic),111.12,7671.48
Male,1,Yes,No,62,No,No phone service,No,No internet service,No internet service,No internet service,No,Yes,Yes,Two year,No,Bank transfer (automatic),19.44,1200.01
Male,1,No,Yes,2,Yes,No phone service,DSL,No,No,No internet service,Yes,No internet service,No internet service,Month-to-month,Yes,Mailed check,104.63,199.46
Male,1,No,No,60,Yes,No,Fiber optic,No,No internet service,Yes,No,Yes,Yes,One year,No,Credit card (automatic),79.22,4757.67
Female,1,Yes,Yes,3,No,No phone service,No,Yes,No,No,No,Yes,Yes,Two year,Yes,Electronic check,38.32,115.32
Female,0,No,Yes,66,Yes,No,No,No internet service,No internet service,Yes,No,No,No internet service,Two year,No,Electronic check,84.31,5556.06
Male,0,Yes,Yes,38,Yes,No,Fiber optic,No internet service,No,No internet service,Yes,No,Yes,Two year,Yes,Bank transfer (automatic),95.24,3627.25
Male,1,Yes,Yes,50,No,No,DSL,Yes,Yes,Yes,No internet service,Yes,No,One year,No,Electronic check,22.4,1119.23
Male,1,Yes,Yes,17,Yes,No,No,Yes,No internet service,No internet service,Yes,No,Yes,Two year,No,Bank transfer (automatic),49.53,846.53
Male,1,Yes,Yes,4,No,No,DSL,No,No internet service,Yes,No internet service,No,No internet service,Month-to-month,No,Electronic check,35.92,153.28
Male,0,No,Yes,60,No,Yes,DSL,No internet service,No internet service,Yes,No,No,No internet service,One year,Yes,Bank transfer (automatic),19.57,1183.79
Male,0,Yes,Yes,49,No,No,Fiber optic,No internet service,No,Yes,No,Yes,No internet service,Month-to-month,No,Mailed check,79.06,3872.07
Female,0,Yes,No,45,Yes,No,Fiber optic,No internet service,No internet service,No internet service,No,No internet service,No,Two year,No,Credit card (automatic),44.65,2005.14
Female,1,Yes,No,32,Yes,No phone service,No,No internet service,No,No,Yes,No internet service,No,Two year,No,Credit card (automatic),100.74,3223.16
Female,1,No,Yes,30,Yes,No phone service,No,No,No,Yes,No,No internet service,No internet service,One year,No,Electronic check,31.15,932.52
Female,0,No,No,17,No,Yes,No,Yes,No,No,Yes,No,No,Two year,Yes,Credit card (automatic),99.84,1689.95
Female,0,Yes,Yes,38,No,No phone service,No,Yes,Yes,No,Yes,No,Yes,Two year,No,Mailed check,50.19,1917.01
Male,0,No,No,39,Yes,No,No,No,No internet service,No,Yes,No internet service,No,Two year,Yes,Mailed check,110.85,4327.57
Male,0,Yes,No,64,No,Yes,No,No internet service,No internet service,Yes,No,Yes,No,Month-to-month,No,Credit card (automatic),70.0,4481.9
Male,1,Yes,No,17,Yes,Yes,No,No internet service,Yes,No,Yes,Yes,No,Month-to-month,Yes,Electronic check,92.46,1563.54
Female,1,Yes,No,39,No,No phone service,DSL,Yes,No internet service,No internet service,No internet service,Yes,No internet service,Month-to-month,Yes,Mailed check,72.29,2814.69
Female,0,No,Yes,30,Yes,No,DSL,No internet service,No,No internet service,No,No internet service,No internet service,Two year,Yes,Credit card (automatic),20.85,625.37
Male,0,No,No,60,No,No,No,No,No internet service,No internet service,Yes,No internet service,Yes,Two year,No,Bank transfer (automatic),50.96,3059.12
Female,0,No,Yes,55,Yes,No,DSL,No,No,No internet service,No internet service,No,No,Month-to-month,Yes,Bank transfer (automatic),91.1,5002.77
Male,0,No,Yes,16,Yes,No phone service,No,No internet service,No internet service,No,Yes,No internet service,No internet service,Two year,No,Electronic check,103.05,1639.99
Female,0,Yes,No,26,No,Yes,Fiber optic,Yes,No,No internet service,No,No internet service,No internet service,Month-to-month,Yes,Mailed check,34.5,895.28
Male,1,Yes,Yes,1,Yes,No,No,No,Yes,Yes,No internet service,No internet service,No internet service,One year,No,Credit card (automatic),42.73,43.6
Female,0,No,No,39,No,Yes,No,No internet service,No internet service,No,No,Yes,Yes,One year,No,Mailed check,86.12,3351.73
Female,0,No,Yes,36,No,Yes,Fiber optic,No,No,No,No internet service,Yes,No,One year,Yes,Bank transfer (automatic),53.92,1936.35
Female,0,Yes,Yes,54,No,Yes,DSL,No internet service,No internet service,Yes,No,No,Yes,Month-to-month,Yes,Credit card (automatic),35.97,1950.07
Female,0,No,No,6,Yes,Yes,DSL,Yes,No,No internet service,Yes,Yes,No internet service,One year,No,Electronic check,25.05,151.3
Female,1,No,No,50,Yes,No,DSL,No internet service,Yes,No internet service,No internet service,No,Yes,Two year,No,Credit card (automatic),48.47,2425.65
Female,0,No,No,39,No,No,No,No,No,Yes,No,Yes,Yes,One year,Yes,Mailed check,111.72,4362.58
Female,1,No,No,43,No,Yes,No,No,No internet service,No,Yes,Yes,No internet service,Month-to-month,Yes,Bank transfer (automatic),52.92,2272.0
Female,0,Yes,No,31,No,Yes,No,Yes,No internet service,No internet service,No internet service,No,No internet service,One year,Yes,Electronic check,67.04,2080.17
Female,0,Yes,Yes,3,No,No,DSL,No internet service,No internet service,No,Yes,Yes,Yes,Month-to-month,No,Mailed check,71.32,207.25
Female,0,Yes,No,32,No,No,DSL,No,No,No internet service,No internet service,No internet service,No internet service,Two year,Yes,Mailed check,20.81,672.25
Male,1,Yes,Yes,29,Yes,No,DSL,No,Yes,No,Yes,No,No,One year,Yes,Mailed check,104.0,3024.6
Female,1,Yes,Yes,58,Yes,No phone service,Fiber optic,Yes,No,Yes,No internet service,No,No internet service,One year,No,Bank transfer (automatic),40.18,2326.06
Female,0,Yes,No,51,No,No,No,No internet service,No internet service,No,No,No,No internet service,One year,Yes,Electronic check,29.34,1486.69
Female,1,No,Yes,49,Yes,No,DSL,Yes,No internet service,Yes,No,No internet service,Yes,One year,Yes,Mailed check,117.28,5756.56
Female,1,No,No,24,Yes,Yes,DSL,No,No,No internet service,No,No,No internet service,One year,No,Mailed check,48.78,1174.9
Female,0,No,No,37,Yes,No phone service,Fiber optic,No,Yes,No,No internet service,Yes,No,Month-to-month,No,Credit card (automatic),79.19,2934.07
Male,1,Yes,No,43,No,No phone service,No,No,Yes,No,Yes,Yes,Yes,One year,Yes,Bank transfer (automatic),54.06,2326.6
Female,0,Yes,Yes,49,Yes,Yes,No,No,Yes,No internet service,No,No,Yes,Month-to-month,No,Credit card (automatic),40.15,1961.48
Male,0,Yes,Yes,13,No,Yes,No,No,Yes,No,No,Yes,No internet service,Month-to-month,No,Mailed check,61.22,794.69
Male,0,No,No,45,Yes,Yes,DSL,No internet service,No internet service,No,No internet service,No,Yes,Month-to-month,Yes,Mailed check,100.06,4505.73
Female,1,No,No,34,No,Yes,No,Yes,No internet service,Yes,Yes,No,Yes,Month-to-month,No,Bank transfer (automatic),20.42,695.45
Female,0,No,No,26,Yes,No,Fiber optic,No internet service,No,No,No,No,No,Month-to-month,Yes,Credit card (automatic),92.89,2415.77
Male,1,Yes,Yes,8,Yes,No phone service,Fiber optic,No,Yes,No internet service,No internet service,No,No,Month-to-month,Yes,Credit card (automatic),30.84,248.12
Female,1,Yes,Yes,48,No,Yes,No,Yes,Yes,Yes,No,No,No,Month-to-month,Yes,Mailed check,30.26,1444.96
Male,1,Yes,Yes,22,No,No,Fiber optic,No internet service,No internet service,No internet service,No internet service,No internet service,No internet service,Two year,No,Credit card (automatic),115.14,2523.72
Male,1,No,No,6,No,No phone service,Fiber optic,No internet service,No internet service,Yes,Yes,No internet service,No,Two year,No,Credit card (automatic),109.57,656.49
Male,0,No,No,70,No,No,No,Yes,No,Yes,No,No,No internet service,Month-to-month,No,Bank transfer (automatic),31.88,2239.14
Male,0,No,Yes,1,Yes,No,DSL,No internet service,No,No,Yes,Yes,No internet service,Month-to-month,No,Bank transfer (automatic),70.35,64.17
Female,0,Yes,No,14,Yes,No,DSL,No,No,No,No,No internet service,Yes,One year,No,Credit card (automatic),101.64,1413.93
Male,0,No,No,60,Yes,No,DSL,No internet service,Yes,No internet service,No internet service,Yes,Yes,One year,Yes,Electronic check,101.92,6121.03
Male,1,No,No,17,No,No phone service,DSL,No,Yes,No internet service,No internet service,Yes,Yes,Two year,Yes,Electronic check,111.04,1879.23
Male,1,Yes,Yes,49,Yes,Yes,Fiber optic,Yes,No,No,Yes,No,Yes,One year,No,Electronic check,111.41,5462.4
Male,0,Yes,Yes,0,Yes,No phone service,No,No internet service,No,No,No internet service,No,No internet service,Month-to-month,Yes,Bank transfer (automatic),104.22, 
Female,1,No,Yes,29,Yes,No,DSL,No internet service,Yes,Yes,No,No internet service,No internet service,Two year,Yes,Bank transfer (automatic),47.13,1365.28
Female,0,No,No,69,No,Yes,Fiber optic,No internet service,No internet service,No,Yes,No,No,Two year,Yes,Bank transfer (automatic),84.47,5821.99
Male,0,Yes,No,12,Yes,Yes,No,No internet service,No,Yes,No,No,No internet service,Two year,Yes,Credit card (automatic),85.75,1031.7
Male,0,Yes,Yes,6,No,No,DSL,No internet service,No internet service,No internet service,No,No internet service,No,Two year,No,Bank transfer (automatic),58.21,347.28
Female,1,No,No,68,Yes,Yes,DSL,No,No,No internet service,No,Yes,No internet service,Two year,No,Credit card (automatic),33.3,2271.7
Female,1,No,No,51,Yes,Yes,Fiber optic,No,No,Yes,Yes,No,Yes,Month-to-month,No,Bank transfer (automatic),110.67,5635.76
Female,0,No,No,32,No,Yes,DSL,No,Yes,No internet service,Yes,No,Yes,Month-to-month,No,Credit card (automatic),31.45,1012.7
Female,0,Yes,Yes,28,No,No phone service,Fiber optic,Yes,No,Yes,No internet service,No,No,Two year,Yes,Electronic check,97.11,2727.54
Female,1,Yes,Yes,47,Yes,No phone service,Fiber optic,No,No,Yes,No internet service,No,Yes,Two year,Yes,Bank transfer (automatic),95.7,4505.69
Female,1,Yes,No,16,No,No phone service,Fiber optic,Yes,No internet service,No,No internet service,No internet service,Yes,Two year,Yes,Credit card (automatic),97.0,1546.4
Male,0,No,No,38,Yes,Yes,No,No,No,No internet service,No,Yes,Yes,Month-to-month,No,Bank transfer (automatic),94.59,3598.88
Female,1,No,Yes,35,No,No phone service,Fiber optic,No internet service,No internet service,No internet service,No,No,No,Month-to-month,Yes,Bank transfer (automatic),38.07,1334.01
Male,1,Yes,No,50,No,No,No,No internet service,No,No,No,Yes,No,One year,Yes,Bank transfer (automatic),90.83,4535.86
Female,1,No,Yes,62,No,Yes,No,No internet service,Yes,No,No,Yes,Yes,Month-to-month,Yes,Bank transfer (automatic),52.46,3243.38
Female,1,Yes,No,31,No,No,DSL,No internet service,No,Yes,Yes,Yes,Yes,One year,Yes,Mailed check,112.72,3500.24
Male,0,Yes,No,20,No,Yes,DSL,No internet service,No internet service,No,No,No internet service,No,Month-to-month,No,Electronic check,19.65,399.96
Male,0,No,No,32,Yes,No phone service,DSL,Yes,Yes,No,No internet service,Yes,Yes,Month-to-month,No,Bank transfer (automatic),112.45,3592.68
Male,0,Yes,No,23,No,No phone service,DSL,No internet service,Yes,No internet service,No,No internet service,No internet service,Two year,No,Mailed check,68.97,1581.38
Male,1,No,No,11,Yes,No phone service,Fiber optic,Yes,No internet service,No,No internet service,No internet service,No,One year,Yes,Mailed check,101.18,1115.62
Female,0,Yes,Yes,37,No,No phone service,Fiber optic,No internet service,No internet service,Yes,Yes,Yes,Yes,Two year,Yes,Mailed check,82.05,3044.57
Female,1,No,Yes,0,Yes,Yes,Fiber optic,No internet service,No,No internet service,No,No,No,Two year,No,Mailed check,32.97, 
Female,0,Yes,No,34,Yes,Yes,DSL,Yes,No,No,Yes,Yes,No internet service,Two year,Yes,Credit card (automatic),59.32,2007.33
Female,0,No,No,55,Yes,Yes,Fiber optic,No,No internet service,No,No internet service,No,No internet service,One year,Yes,Bank transfer (automatic),79.9,4391.62
Male,1,Yes,Yes,27,Yes,Yes,Fiber optic,No internet service,No,Yes,No,No,No internet service,One year,Yes,Credit card (automatic),26.62,720.32
Female,0,Yes,Yes,41,Yes,Yes,No,Yes,No,No internet service,No,Yes,Yes,One year,No,Mailed check,88.33,3618.46
Female,0,Yes,Yes,62,No,No,No,No,Yes,No internet service,No internet service,No internet service,No internet service,Two year,Yes,Mailed check,113.32,7018.43
Female,0,Yes,No,50,No,Yes,DSL,No,No,No,Yes,No,No,Month-to-month,No,Bank transfer (automatic),60.84,3051.66
Male,1,No,No,38,No,No,DSL,No,No,No internet service,No,No internet service,No,One year,No,Mailed check,85.89,3265.8
Male,0,Yes,Yes,55,No,No phone service,No,No,No,No internet service,No internet service,No,No internet service,Two year,No,Credit card (automatic),102.75,5648.12
Female,1,No,Yes,4,Yes,Yes,No,Yes,Yes,No internet service,Yes,No,Yes,Two year,No,Electronic check,56.42,228.77
Female,1,No,Yes,67,No,No phone service,No,No,No internet service,Yes,No,Yes,No,Month-to-month,No,Bank transfer (automatic),83.0,5553.87
Female,1,No,Yes,51,Yes,Yes,Fiber optic,No internet service,No,No,Yes,No,No internet service,Month-to-month,Yes,Electronic check,112.69,5756.73
Female,0,Yes,No,53,No,No,Fiber optic,Yes,No internet service,Yes,No internet service,No internet service,No,Month-to-month,No,Bank transfer (automatic),24.64,1298.09
Female,0,Yes,No,34,No,No,DSL,No internet service,No,No internet service,No,Yes,No,Two year,No,Credit card (automatic),104.16,3550.59
Male,1,No,No,27,Yes,No,DSL,No internet service,No,Yes,No internet service,No internet service,No,One year,Yes,Credit card (automatic),68.16,1842.78
Female,0,No,No,62,Yes,No,Fiber optic,No,No internet service,No,No,No internet service,No internet service,Two year,No,Credit card (automatic),41.98,2603.63
Female,1,No,No,1,Yes,No phone service,No,Yes,No internet service,Yes,No internet service,No,No,Two year,No,Bank transfer (automatic),114.91,114.81
Female,1,No,Yes,63,No,No phone service,No,Yes,Yes,No,No internet service,No internet service,No internet service,Two year,Yes,Mailed check,85.23,5360.95
Female,0,Yes,Yes,28,Yes,No phone service,No,No,No internet service,Yes,No,No internet service,Yes,Month-to-month,No,Bank transfer (automatic),28.5,788.12
Male,0,No,Yes,24,Yes,No phone service,No,Yes,No internet service,No internet service,Yes,No,Yes,One year,No,Bank transfer (automatic),19.3,459.12
Female,1,Yes,Yes,54,Yes,Yes,DSL,No,No internet service,No internet service,Yes,No,Yes,One year,No,Mailed check,23.34,1251.38
Male,0,No,No,39,Yes,Yes,Fiber optic,No internet service,No,No,No internet service,No,No internet service,One year,No,Bank transfer (automatic),31.15,1212.33
Female,1,No,No,21,Yes,Yes,DSL,No internet service,No internet service,No internet service,No,Yes,No,One year,Yes,Bank transfer (automatic),60.43,1267.89
Male,0,No,No,49,No,No phone service,DSL,Yes,No,No,Yes,No,No,Month-to-month,No,Credit card (automatic),85.32,4183.89
Male,1,Yes,No,65,No,No,Fiber optic,No,Yes,No,Yes,Yes,No internet service,One year,No,Electronic check,24.25,1575.62
Male,1,Yes,Yes,59,Yes,Yes,No,No internet service,Yes,Yes,No,Yes,No,Two year,No,Bank transfer (automatic),23.59,1388.92
Female,0,No,No,37,Yes,No,Fiber optic,No internet service,No,No internet service,No,Yes,Yes,Two year,Yes,Bank transfer (automatic),97.92,3621.93
Female,0,No,No,30,No,Yes,DSL,Yes,Yes,Yes,No,Yes,No,Two year,Yes,Mailed check,65.54,1960.31
Female,1,No,Yes,60,Yes,No,DSL,No internet service,No internet service,Yes,Yes,No internet service,No,Two year,No,Mailed check,94.31,5658.0
Male,0,No,No,54,No,No phone service,No,No,No,No internet service,No internet service,No,No,Two year,No,Mailed check,49.93,2698.03
Male,0,Yes,No,0,Yes,No,Fiber optic,No internet service,No internet service,No internet service,No,Yes,No,Two year,Yes,Bank transfer (automatic),19.23, 
Male,1,Yes,Yes,57,No,No phone service,Fiber optic,No internet service,No internet service,No,No,No,No internet service,One year,No,Bank transfer (automatic),31.71,1807.29
Female,1,No,No,12,Yes,No phone service,No,Yes,No,No internet service,No,No internet service,No,Two year,Yes,Credit card (automatic),65.39,789.04
Female,1,Yes,No,31,Yes,No,DSL,Yes,Yes,Yes,No,Yes,No,Two year,Yes,Electronic check,88.97,2754.91
Female,1,No,No,50,Yes,No phone service,Fiber optic,No internet service,No internet service,No,No,Yes,Yes,Two year,Yes,Mailed check,35.89,1790.18
Female,0,Yes,Yes,59,No,No phone service,Fiber optic,No,No internet service,No,No internet service,No internet service,No,Two year,Yes,Bank transfer (automatic),44.91,2643.84
Male,1,Yes,Yes,2,No,No phone service,No,No internet service,No internet service,No internet service,Yes,No internet service,No internet service,One year,Yes,Bank transfer (automatic),40.07,71.7
Female,0,Yes,Yes,52,Yes,No,DSL,No,No,Yes,No internet service,No,Yes,One year,No,Bank transfer (automatic),93.16,4838.0
Male,1,Yes,Yes,53,No,Yes,DSL,No,No,No internet service,Yes,Yes,No internet service,Month-to-month,Yes,Bank transfer (automatic),38.04,2016.02
Male,1,Yes,No,49,No,No phone service,DSL,Yes,No internet service,Yes,No internet service,No,Yes,One year,No,Bank transfer (automatic),66.91,3277.0
Female,1,Yes,No,4,Yes,No,DSL,Yes,No,No internet service,Yes,No,No internet service,One year,No,Bank transfer (automatic),78.36,304.54
Female,0,Yes,No,18,Yes,Yes,No,No,Yes,No internet service,No,Yes,No,Month-to-month,Yes,Credit card (automatic),48.71,884.57
Female,1,Yes,No,41,Yes,No,No,No internet service,No internet service,No internet service,Yes,No internet service,No,Month-to-month,Yes,Bank transfer (automatic),50.0,2043.42
Male,1,Yes,Yes,19,Yes,No phone service,No,No,No internet service,Yes,No internet service,Yes,No,Two year,No,Bank transfer (automatic),101.05,1910.97
Male,0,No,Yes,52,No,Yes,DSL,No internet service,No internet service,No internet service,No internet service,No,No internet service,Month-to-month,No,Credit card (automatic),58.96,3068.01
Female,1,Yes,Yes,48,No,No,DSL,No internet service,No internet service,No,Yes,No,No,Two year,No,Electronic check,83.71,4020.89
Male,0,Yes,Yes,45,No,No phone service,Fiber optic,Yes,Yes,Yes,Yes,Yes,Yes,One year,Yes,Bank transfer (automatic),101.16,4556.1
Male,0,Yes,Yes,47,Yes,No,Fiber optic,No internet service,No,No internet service,Yes,Yes,Yes,Two year,No,Electronic check,61.27,2871.09
Male,0,No,Yes,31,Yes,No,No,No internet service,Yes,No,No,Yes,No,One year,No,Credit card (automatic),23.76,736.64
Male,0,Yes,No,24,Yes,No,DSL,No internet service,No internet service,No,Yes,No,No,Month-to-month,No,Credit card (automatic),106.59,2552.43
Male,1,No,No,14,Yes,Yes,No,No,No internet service,Yes,No,Yes,Yes,Two year,Yes,Electronic check,47.08,649.61
Female,0,No,Yes,33,No,No phone service,No,No,Yes,No internet service,No internet service,Yes,No internet service,Month-to-month,No,Mailed check,112.56,3708.76
Male,0,Yes,Yes,34,No,No phone service,DSL,No,No,No,Yes,No internet service,Yes,Month-to-month,No,Electronic check,87.89,2979.26
Male,0,Yes,Yes,25,No,No,Fiber optic,No,No,Yes,Yes,No internet service,No,Month-to-month,Yes,Electronic check,106.43,2660.02
Male,1,Yes,No,12,Yes,No,Fiber optic,Yes,No,No,No internet service,Yes,Yes,Month-to-month,No,Bank transfer (automatic),32.71,400.38
Female,1,Yes,No,63,No,Yes,DSL,No,No,Yes,Yes,No internet service,No internet service,Month-to-month,No,Electronic check,109.0,6871.44
Female,0,Yes,No,35,Yes,No,Fiber optic,No internet service,No,Yes,No internet service,No internet service,No,Month-to-month,Yes,Electronic check,28.19,988.47
Female,1,Yes,Yes,0,No,No,No,Yes,No,No internet service,No,No internet service,No internet service,Month-to-month,Yes,Mailed check,40.2, 
Male,0,No,No,17,No,No,No,No internet service,No,Yes,Yes,No,No,One year,No,Mailed check,75.38,1283.96
Female,1,Yes,No,36,No,No,Fiber optic,No,No,Yes,Yes,No,No internet service,One year,Yes,Electronic check,36.87,1329.72
Male,0,Yes,No,56,Yes,No phone service,No,No,No internet service,No,No internet service,No internet service,Yes,One year,No,Mailed check,46.74,2620.58
Male,0,Yes,No,2,No,No,Fiber optic,No internet service,Yes,No,Yes,Yes,Yes,Month-to-month,No,Electronic check,96.52,183.54
Male,1,Yes,No,0,No,No,DSL,Yes,No,No internet service,Yes,Yes,Yes,Two year,Yes,Credit card (automatic),74.56, 
Male,1,No,Yes,53,No,Yes,DSL,No,No internet service,No,No,No internet service,No,Month-to-month,No,Electronic check,38.6,2049.17
Female,1,No,No,64,No,Yes,DSL,No,No internet service,Yes,No internet service,Yes,No internet service,Month-to-month,Yes,Bank transfer (automatic),38.47,2469.5
Female,0,Yes,No,44,No,No,Fiber optic,Yes,No internet service,No,Yes,No,No,Two year,Yes,Electronic check,80.12,3528.29
Female,0,No,No,21,No,No phone service,No,No,No,Yes,No internet service,Yes,Yes,Two year,Yes,Electronic check,24.37,503.6
Male,0,Yes,No,34,No,No phone service,Fiber optic,No,No internet service,Yes,No internet service,No internet service,No internet service,Month-to-month,No,Electronic check,82.07,2790.27
Female,0,Yes,No,61,Yes,Yes,Fiber optic,No internet service,No internet service,No internet service,No,No,No internet service,One year,No,Credit card (automatic),42.71,2602.9
Male,1,No,Yes,3,Yes,No,Fiber optic,No internet service,No,Yes,No,Yes,Yes,One year,No,Mailed check,93.94,273.13
Male,1,Yes,No,46,Yes,No,No,Yes,No,Yes,No,No,Yes,Month-to-month,Yes,Credit card (automatic),73.74,3392.09
Female,0,No,No,57,Yes,Yes,DSL,No internet service,No,No,Yes,No internet service,No,One year,No,Electronic check,45.34,2585.57
Male,0,No,No,56,Yes,No,No,Yes,Yes,No,No internet service,Yes,No,Two year,No,Bank transfer (automatic),83.98,4710.3
Female,1,No,Yes,52,No,Yes,Fiber optic,No internet service,Yes,No,No internet service,Yes,No internet service,Two year,No,Credit card (automatic),97.7,5070.57
Male,1,No,No,6,No,No,No,No,No,Yes,Yes,No,No internet service,Month-to-month,Yes,Electronic check,73.09,435.92
Male,0,No,Yes,33,No,Yes,Fiber optic,Yes,No internet service,No,Yes,Yes,No,Month-to-month,No,Credit card (automatic),114.96,3798.18
Male,1,No,No,20,No,No phone service,No,No internet service,No internet service,No internet service,No,No internet service,No internet service,Two year,No,Bank transfer (automatic),29.52,580.72
Female,1,Yes,Yes,17,Yes,No phone service,Fiber optic,No,No,Yes,Yes,No,No internet service,Month-to-month,No,Credit card (automatic),53.37,905.9
Male,0,No,Yes,32,No,No phone service,No,No,Yes,No,No,No internet service,No internet service,Two year,Yes,Credit card (automatic),93.0,2985.19
Male,0,No,No,59,No,No,DSL,No,No internet service,Yes,No,No,No,One year,Yes,Bank transfer (automatic),87.86,5177.75
Female,0,Yes,No,58,Yes,No,DSL,No internet service,No,Yes,No internet service,No,No,Month-to-month,Yes,Mailed check,39.82,2312.68
Male,1,Yes,No,51,No,No phone service,Fiber optic,No internet service,No,No internet service,Yes,No,No internet service,Two year,Yes,Mailed check,68.39,3481.37
Male,1,No,Yes,56,Yes,No,DSL,No internet service,Yes,No internet service,No,Yes,Yes,One year,Yes,Credit card (automatic),21.49,1200.25
Male,1,No,Yes,37,No,No,DSL,No,No internet service,No internet service,Yes,Yes,Yes,Month-to-month,Yes,Credit card (automatic),43.13,1593.93
